BASIN,y1,y2,ychange,lsr,dist_cent,jaccard,sorensen,uniq_y1,uniq_y2
BLK,2007,2008,1,-8.238357050726878,0.7363850558873651,1.0929059555195796e-4,2.185573048459071e-4,0.9998906924632452,0.5864546759145678
BLK,2007,2009,2,-4.5812032634438395,1.3824692652269328,0.00239128528740491,0.00477116136682949,0.9975899848528628,0.7647058823529412
BLK,2007,2010,3,2.0724552692936973,2.998256934222279,0.04915648163805499,0.09370667292891648,0.5809294871794872,0.9472489369466112
BLK,2007,2011,4,-1.4767337613874862,0.9860844637471772,0.07991781508305455,0.14800721678419246,0.9090952682148222,0.6019626615605552
BLK,2007,2012,5,-7.05808354632139,0.971171893194386,4.0134771499584425e-4,8.023733992613215e-4,0.9995984681091106,0.5333333333333333
BLK,2007,2013,6,0.01452903889939316,0.7950880312019803,0.16663091198979427,0.2856617466197432,0.7122479094933596,0.7163984461433226
BLK,2007,2014,7,-0.7148387723118041,0.622575489928647,0.1803242443472418,0.3055503523050432,0.7724763622451768,0.5349741908830762
BLK,2007,2015,8,0.1645260320770573,0.8606157977307517,0.17965018957501358,0.3045821399642808,0.6681829997400571,0.718521074199948
BLK,2007,2016,9,-1.400448568523016,1.369133526860333,0.07006396157535658,0.130952847850717,0.9183845298169788,0.668884453315591
BLK,2007,2017,10,-0.4796281901272483,0.7015901474506919,0.09281704497676956,0.16986749136721713,0.8624911187626386,0.7778580268935144
BLK,2007,2018,11,-0.3734827784432092,1.2395044803960529,0.12905500822899002,0.22860712239596329,0.8070175438596491,0.7196378774545209
BLK,2007,2019,12,-6.48056758579986,0.8922299271389178,4.922188183880795e-4,9.839533164373933e-4,0.9995072691709072,0.6785714285714286
BLK,2007,2021,14,1.181397122372593,1.1086637816667029,0.13342199125836926,0.2354321555208911,0.4986561548109658,0.8461627752845632
BLK,2007,2022,15,2.309670462215389,1.1022190808724537,0.06249859185801781,0.1176445641188568,0.3487723214285714,0.935337020190262
BLK,2007,2023,16,0.7765878585496759,1.8552497123353615,0.10922920399781896,0.19694613810047815,0.687442396313364,0.8562319947945523
BLK,2008,2009,1,3.657153787283038,1.8050584263789795,3.7819070582552616e-4,7.560954633740874e-4,0.9849722652652982,0.999612196422512
BLK,2008,2010,2,10.310812320020574,3.3858107041195087,0,0,0,1
BLK,2008,2011,3,6.761623289339392,1.185162849825823,8.815467471777133e-4,0.00176154061395717,0.23809523809523817,0.9991182103344438
BLK,2008,2012,4,1.1802735044054875,0.9336918797439234,0.00191434762959452,0.00382137980980836,0.991869509248535,0.997502356267672
BLK,2008,2013,5,8.252886089626271,0.8352244753406288,1.0418596687030732e-4,2.0835022657081175e-4,0.5999999999999999,0.9998957977485112
BLK,2008,2014,6,7.523518278415073,0.4494984053045422,3.7809870284778274e-4,7.559115965014607e-4,0.30000000000000004,0.9996218400192388
BLK,2008,2015,7,8.402883082803935,1.0132928637401353,2.2421994673315775e-4,4.483393668373648e-4,0,0.9997757800532668
BLK,2008,2016,8,6.837908482203861,1.5321807646673509,5.895046668969161e-4,0.00117831471177216,0.45,0.9994102108648276
BLK,2008,2017,9,7.758728860599629,0.614148591488977,1.600819074126068e-4,3.201125705943261e-4,0.625,0.9998398753708272
BLK,2008,2018,10,7.864874272283669,1.2803150950472286,3.291227398215963e-4,6.580289073663183e-4,0.1428571428571429,0.9996708592055584
BLK,2008,2019,11,1.7577894649270176,0.9058474899327548,0.00185089588042877,0.00369495278796392,0.9874378939905532,0.9978339713882732
BLK,2008,2021,13,9.41975417309947,1.283919192945307,8.110595488420495e-5,1.6219875448354647e-4,0,0.9999188940451158
BLK,2008,2022,14,10.548027512942268,1.262039275264059,0,0,0,1
BLK,2008,2023,15,9.014944909276553,1.858066962216436,6.078588943591066e-5,1.2156438947228352e-4,0.5,0.9999392104154152
BLK,2009,2010,1,6.653658532737537,1.6444158241835525,5.153199729800925e-4,0.00103010911016137,0.6,0.9994842813868672
BLK,2009,2011,2,3.1044695020563533,0.8361918355276051,0.004326348182492,0.00861542304515122,0.899641577060932,0.9954990949207284
BLK,2009,2012,3,-2.4768802828775502,1.1692889475714745,7.60798748937846e-4,0.00152044074845643,0.999175917397838,0.9901900637594402
BLK,2009,2013,4,4.595732302343233,1.0725712400633929,0.00123840533281728,0.00247374716395468,0.8762376237623761,0.998750640394912
BLK,2009,2014,5,3.8663644911320354,1.626970212482495,0.00232291065007991,0.00463505448273818,0.8869778869778869,0.9976339568595232
BLK,2009,2015,6,4.7457292955208965,0.8799207929434384,0.0020892438555945,0.00416977603223446,0.7579617834394905,0.9978969969693252
BLK,2009,2016,7,3.1807546949208234,0.8395881730159371,0.00278180401529573,0.00554817409760917,0.9304677623261692,0.99711063775435
BLK,2009,2017,8,4.101575073316591,1.296498958477562,0.00170273477692098,0.00339968079911488,0.8955696202531646,0.998272033033578
BLK,2009,2018,9,4.20772048500063,1.0813450611093314,0.00214906158181666,0.00428890604043381,0.8537414965986394,0.9978236369838892
BLK,2009,2019,10,-1.89936432235602,1.196827090942845,0.00118201248746909,0.00236123396690347,0.998642687478792,0.9909309186030478
BLK,2009,2021,12,5.762600385816433,0.96651847814068,0.00132093460368173,0.0026383840745416,0.5789473684210527,0.9986766618369568
BLK,2009,2022,13,6.890873725659229,1.26229020357943,5.647585295603034e-4,0.00112887951478578,0.4444444444444443,0.9994349861933464
BLK,2009,2023,14,5.3577911219935155,1.570193922169764,0.00133393867981952,0.00266432331571267,0.7159090909090909,0.9986615621271768
BLK,2010,2011,1,-3.549189030681183,2.307932616207413,0.02230296402179966,0.04363278755264193,0.9775564297592112,0.21929824561403505
BLK,2010,2012,2,-9.130538815615088,2.697731766761986,1.0830721175757163e-4,2.1659096515161584e-4,0.9998916927882424,0
BLK,2010,2013,3,-2.057926230394304,2.644563107217656,0.07461667513368256,0.13887124006223006,0.921696162960722,0.3869031992977859
BLK,2010,2014,4,-2.7872940416055014,3.2254360583395405,0.0395645317097364,0.07611750978973084,0.9595972961246878,0.343980343980344
BLK,2010,2015,5,-1.90792923721664,2.4495528901763035,0.0891153525312101,0.16364722492268122,0.9060347990371084,0.3667573079537729
BLK,2010,2016,6,-3.4729038378167134,2.067929696875449,0.02282216974837762,0.04462588008625597,0.976994760763645,0.2585365853658537
BLK,2010,2017,7,-2.5520834594209454,2.8224137350663,0.04216761918414329,0.08092291183860431,0.9563858216104472,0.44026371714691626
BLK,2010,2018,8,-2.4459380477369064,2.425552915461884,0.06184985218531545,0.11649453462375456,0.9367059087085176,0.269499417927823
BLK,2010,2019,9,-8.553022855093557,2.7173303463739327,1.2863234242924018e-4,2.5723159655566865e-4,0.9998713593838988,0.3333333333333333
BLK,2010,2021,11,-0.8910581469211041,2.4131830671451473,0.1851277306078211,0.3124181905909398,0.7797105833711491,0.4629987840458285
BLK,2010,2022,12,0.23721519292169216,2.6988297929424445,0.1976061713081315,0.3300019255784037,0.6258250245752001,0.704842726786172
BLK,2010,2023,13,-1.2958674107440211,2.646438616701052,0.17457095941075632,0.2972505969300192,0.8107018450780635,0.3082734475769302
BLK,2011,2012,1,-5.581349784933904,0.6572938291643191,0.00150359187222207,0.00300266895580721,0.9984930092792792,0.6
BLK,2011,2013,2,1.4912628002868793,0.6373573134576878,0.07962643560497086,0.14750738399685817,0.5985806165446884,0.9096452196812976
BLK,2011,2014,3,0.7618949890756819,0.9592594862872164,0.1250770137653422,0.22234391465654735,0.6506607929515418,0.8369350804331316
BLK,2011,2015,4,1.6412597934645434,0.4607696693346352,0.0937558335009537,0.17143832403774228,0.47182697780307337,0.8976739657204585
BLK,2011,2016,5,0.07628519286447008,0.5144072769493748,0.18383439885070443,0.31057451790415175,0.6771158097613513,0.7008310326673781
BLK,2011,2017,6,0.997105571260238,0.6843170109248277,0.08410633480594817,0.1551625188519961,0.7121405298200878,0.8937954619540036
BLK,2011,2018,7,1.103250982944277,0.522306060754661,0.1521928349345809,0.2641794503837929,0.4697986577181209,0.8240841347200409
BLK,2011,2019,8,-5.003833824412374,0.5416835111530817,0.00213813356871614,0.00426714341485445,0.9978521074086242,0.68
BLK,2011,2021,10,2.6581308837600792,0.408070021643631,0.05139856797817557,0.09777180518138671,0.25353218210361067,0.9476882180685852
BLK,2011,2022,11,3.786404223602875,0.6450388484153028,0.01844193487835572,0.03621597706610236,0.1833740831295843,0.981481376668309
BLK,2011,2023,12,2.2533216199371617,1.1255687584617284,0.070111476091972,0.13103583628131504,0.3107971745711403,0.9275994436115288
BLK,2012,2013,1,7.072612585220783,0.29809286180873756,7.419342177390332e-4,0.00148276831892527,0.125,0.9992579871358704
BLK,2012,2014,2,6.343244774009586,0.76838917789345,9.302466715890474e-4,0.0018587642339362,0.4705882352941176,0.9990689834839528
BLK,2012,2015,3,7.222609578398448,0.3363340553556439,3.928881450543896e-4,7.854676891653828e-4,0.4615384615384616,0.9996069795008644
BLK,2012,2016,4,5.657634977798374,0.9028716149747888,8.440135370558216e-4,0.00168660355787714,0.7575757575757576,0.999153754454519
BLK,2012,2017,5,6.578455356194142,0.6449928554284183,4.272794992719476e-4,8.541940189511966e-4,0.6923076923076924,0.9995723093279516
BLK,2012,2018,6,6.684600767878181,0.6323915547675217,6.767030553571008e-4,0.00135249087600606,0.45833333333333337,0.999322909245935
BLK,2012,2019,7,0.5775159605215302,0.36682929085430055,0.00388667151885161,0.00774324757787887,0.989230662825606,0.99395526899053
BLK,2012,2021,9,8.239480668693982,0.5643623652719221,1.980029270497212e-4,3.959274593036009e-4,0.25,0.9998019840037012
BLK,2012,2022,10,9.36775400853678,0.7712656951903054,8.543505950782702e-5,1.7085552196396782e-4,0,0.9999145649404922
BLK,2012,2023,11,7.834671404871066,1.1404834193193254,1.6957836708392511e-4,3.3909923027410094e-4,0.5714285714285714,0.9998303832818146
BLK,2013,2014,1,-0.7293678112111972,0.7452995176077392,0.2177507094114967,0.3576277274627568,0.7349596335825367,0.45036745678501194
BLK,2013,2015,2,0.14999699317766413,0.24282776201432063,0.24274409764075464,0.3906582185368395,0.5777315253492943,0.6365490628445424
BLK,2013,2016,3,-1.4149776074224092,0.933579139052494,0.094836151748024,0.1732426383557172,0.8923356725212004,0.5568111773166221
BLK,2013,2017,4,-0.4941572290266413,0.4950847865042746,0.22672606705167064,0.3696441661121411,0.7024207636635887,0.5122330359193327
BLK,2013,2018,5,-0.38801181734260226,0.7488701800668836,0.2326802634631822,0.37751924868087566,0.6831850298799483,0.5329997792656905
BLK,2013,2019,6,-6.495096624699253,0.4859993217268005,7.548443909282049e-4,0.0015085500613042,0.9992445853885896,0.5
BLK,2013,2021,8,1.1668680834732,0.7021383551194097,0.21737257208741004,0.3571175777595919,0.24792512802401556,0.7658486270132434
BLK,2013,2022,9,2.295141423315996,0.90142626396232,0.07986223249043149,0.14791189114235298,0.19196919691969197,0.9185932041110698
BLK,2013,2023,10,0.7620588196502829,1.3762037786178374,0.21521097499348735,0.3541952458002459,0.44343829691400943,0.7402501059771089
BLK,2014,2015,1,0.8793648043888614,0.863890490822529,0.1716194170390965,0.29296103247044364,0.5005938981735982,0.7927232635060639
BLK,2014,2016,2,-0.685609796211212,1.3662013911569126,0.10941366075271784,0.19724592300131327,0.8516924738938962,0.7056122448979592
BLK,2014,2017,3,0.2352105821845559,0.635945999707427,0.1819184878590009,0.3078359290047812,0.6513488495107114,0.724424601113759
BLK,2014,2018,4,0.341355993868595,1.108779803550911,0.21788687688450767,0.35781135509381123,0.5694001573937533,0.6939271255060729
BLK,2014,2019,5,-5.765728813488056,0.6994559827575518,0.00114653232689673,0.00229043859190507,0.9988511926047848,0.6333333333333333
BLK,2014,2021,7,1.8962358946843971,0.988874908504086,0.10457424285849196,0.18934760344921256,0.2747252747252747,0.8911125674381124
BLK,2014,2022,8,3.0245092345271933,0.8616505606846804,0.04481958308026656,0.08579391850243177,0.0741163055872291,0.9550190353614736
BLK,2014,2023,9,1.49142663086148,1.527988723454176,0.12682630996000582,0.22510356536582332,0.3873322345184837,0.8621182854196655
BLK,2015,2016,1,-1.564974600600073,0.7185000162117045,0.10463242705056766,0.18944297575971455,0.8854728813697785,0.45226793248945146
BLK,2015,2017,2,-0.6441542222043054,0.5643333564795353,0.12099144176966949,0.21586505884231297,0.8353914002205072,0.6865233876246991
BLK,2015,2018,3,-0.5380088105202665,0.58074706278488,0.2147285138128004,0.353541571422916,0.7200110253583242,0.5204927392068895
BLK,2015,2019,4,-6.645093617876917,0.4211377460478359,7.34585838880803e-4,0.00146809323725935,0.99926499883693,0.4347826086956522
BLK,2015,2021,6,1.0168710902955358,0.5187819293135596,0.17212615391058037,0.29369902435213746,0.4471804225566195,0.8000313515345352
BLK,2015,2022,7,2.145144430138332,0.8120110791830808,0.08635950679517547,0.15898881770720835,0.24136299100804545,0.9112006807524716
BLK,2015,2023,8,0.6120618264726186,1.2665239734825786,0.1916292338902154,0.3216256003801098,0.5426114151681001,0.7519893972779654
BLK,2016,2017,1,0.9208203783957678,0.9589134179935016,0.12176624380560692,0.21709735781050665,0.6188476177976112,0.8482280796289745
BLK,2016,2018,2,1.0269657900798068,0.3944602532655787,0.21902186165655063,0.3593403343216798,0.3185865724381626,0.7559914121460657
BLK,2016,2019,3,-5.080119017276844,0.7527545038375598,0.00204696507853396,0.00408556714379857,0.9979445120122792,0.6694915254237288
BLK,2016,2021,5,2.581845690895609,0.5884440080822673,0.05253359426576371,0.09982312118485982,0.2901818181818182,0.9463134145773228
BLK,2016,2022,6,3.7101190307384058,1.000090035041825,0.01831454009655244,0.03597030067903366,0.24716553287981857,0.9815746701225172
BLK,2016,2023,7,2.1770364270726916,1.2005414731274542,0.07157339939297613,0.13358562172879795,0.3440860215053763,0.9256344183232516
BLK,2017,2018,1,0.1061454116840391,0.7783595148455054,0.22363110152615231,0.3655204599609022,0.6140133988315047,0.6528846153846154
BLK,2017,2019,2,-6.000939395672612,0.5303928807713676,7.363780441449533e-4,0.00147167238106031,0.9992623415665224,0.7021276595744682
BLK,2017,2021,4,1.6610253124998413,0.864074130040455,0.13117266903847563,0.23192333518803204,0.27353423980264496,0.8620120945574491
BLK,2017,2022,5,2.7892986523426373,1.0165348803791392,0.04862025753117351,0.09273186777002182,0.1992786293958521,0.9507842161366032
BLK,2017,2023,6,1.256216048676924,1.578348307550932,0.13933000200259044,0.2445823453392631,0.4482091839612709,0.8428889359898262
BLK,2018,2019,1,-6.10708480735665,0.437445877730704,0.0012135171661623,0.00242409265427628,0.9987852544049776,0.4545454545454546
BLK,2018,2021,3,1.554879900815802,0.4284981278472256,0.15252769651379347,0.2646837849973838,0.2410830512887268,0.8397055480489682
BLK,2018,2022,4,2.6831532406585983,0.8390427161037866,0.05295093156297206,0.1005762566435515,0.2139384116693679,0.946274813959294
BLK,2018,2023,5,1.150070636992885,1.0664433844504708,0.19958927658466483,0.3327626888311521,0.30811715481171553,0.780939925402247
BLK,2019,2021,2,7.661964708172453,0.4423427731606362,2.9393711289027897e-4,5.877014785047249e-4,0.375,0.9997060110385498
BLK,2019,2022,3,8.790238048015249,0.6830921942994838,5.538095729516253e-5,1.1075578082915676e-4,0.6361231838152751,0.999944613680421
BLK,2019,2023,4,7.257155444349536,1.15455389458305,4.337967637349947e-4,8.67217331398174e-4,0.3846153846153846,0.9995660855920988
BLK,2021,2022,1,1.1282733398427962,0.4764005861574366,0.1913486683294037,0.32123033905385034,0.3430332078055461,0.7874111257362564
BLK,2021,2023,2,-0.4048092638229171,0.8665609247126338,0.25613019333099474,0.4078083540875505,0.6600705227592624,0.4904400857095765
BLK,2022,2023,1,-1.5330826036657137,0.812461329981105,0.15678856213427386,0.2710755746841049,0.8352037787412318,0.23659225044906343
JON,2007,2008,1,2.224730403229096,1.3856192206919602,0.08411217764433078,0.15517246163048973,0.20466444550214177,0.9140269647483106
JON,2007,2009,2,-0.7487904175596465,0.8004451539877452,0.23583814076293408,0.3816650951027315,0.7189154385565824,0.4056633129343429
JON,2007,2010,3,-1.3986317625368676,0.8844230831162466,0.19236393780715183,0.3226597714132881,0.7988321838088795,0.18533969010727053
JON,2007,2011,4,1.1942016879665098,0.6311155087122338,0.14074796295485653,0.24676434677170916,0.4693429512309864,0.8392397273756512
JON,2007,2012,5,2.5314892161324627,1.3856991568175223,0.03916667857514718,0.07538093624951592,0.488456865127582,0.9593116139839836
JON,2007,2013,6,2.0682044881328863,1.507730560404911,0.03980323229523007,0.07655916246263175,0.658905704307334,0.9568813991660488
JON,2007,2014,7,-1.14731514410802,1.2200657853203414,0.2086856795103721,0.3453100885499178,0.772529044859772,0.2835290482076637
JON,2007,2015,8,-1.6015163367408225,1.810085164537614,0.07665386163740615,0.1423927677569999,0.9144510938879624,0.5756304947080312
JON,2007,2016,9,3.973372133214274,3.8215006064997503,0.00637036466806975,0.01266008000975046,0.6571428571428571,0.9935508925972132
JON,2007,2017,10,4.660118338896506,3.601744205408754,0.0052255849201401,0.01039684026855574,0.44559585492227977,0.994752375040162
JON,2007,2018,11,3.291812211939038,3.8787709227583353,0.00643534101486829,0.01278838441499686,0.821656050955414,0.993368030811955
JON,2007,2019,12,2.542223125313722,3.870710672310862,0.0040796519587104,0.00812615204531237,0.9443037974683544,0.9956171953867652
JON,2007,2021,14,5.079555011228463,4.812187088070932,2.416284940482664e-4,4.831402476460798e-4,0.9609375,0.9997569266632216
JON,2007,2022,15,5.480248982196418,4.515664120535481,0.00107387952731824,0.0021454550943339,0.7415730337078651,0.9989228010114608
JON,2007,2023,16,3.1234411200349057,4.675518054961507,0.00863936620572258,0.01713073372938429,0.7967914438502675,0.9910577100598268
JON,2008,2009,1,-2.9735208207887425,1.8501560441453924,0.03578070646037722,0.06908934726666677,0.9636892990793802,0.28973843058350107
JON,2008,2010,2,-3.623362165765964,0.7796620197063843,0.02558509192653685,0.04989365022550371,0.9743872747752368,0.0404624277456648
JON,2008,2011,3,-1.0305287152625862,1.5594004920093163,0.2152933378391638,0.3543067852605253,0.7596350428678508,0.3263658642064293
JON,2008,2012,4,0.3067588129033669,2.060778340192922,0.1388885000374598,0.2439018394388767,0.7123161764705883,0.7883141726157029
JON,2008,2013,5,-0.15652591509620956,2.049998107497967,0.10265111846636552,0.18618966007877263,0.8272989096893644,0.7980362524843799
JON,2008,2014,6,-3.372045547337116,2.5176436897864805,0.02608328273699432,0.05084047888865176,0.9737073541151056,0.23388305847076463
JON,2008,2015,7,-3.8262467399699185,2.9833229204494605,0.01188686933697678,0.02349446306140027,0.987996781603567,0.44917257683215134
JON,2008,2016,8,1.7486417299851789,4.527613080834035,0.02322113839607198,0.04538830859665736,0.8468872686483455,0.973356832831321
JON,2008,2017,9,2.43538793566741,4.301640990675363,0.02290535432604246,0.04478489476894766,0.7218802462227197,0.9756467854728252
JON,2008,2018,10,1.067081808709942,4.554200019041254,0.02751279198743802,0.05355221307604779,0.8953888506538197,0.9640126197802396
JON,2008,2019,11,0.3174927220846259,4.573202472739483,0.01077525390412881,0.02132077108637018,0.9746956640678428,0.981579152497388
JON,2008,2021,13,2.8548246079993667,4.970121483772003,0.00179163388893114,0.00357685935542517,0.9671440606571188,0.9981086177281916
JON,2008,2022,14,3.255518578967322,4.516258599591846,0.00632521353407186,0.01257091335684337,0.8307134220072551,0.9934721709664818
JON,2008,2023,15,0.8987107168058098,3.846003521914426,0.04797437534978756,0.09155639007637932,0.8417706888580675,0.9355857681347398
JON,2009,2010,1,-0.6498413449772213,1.343722220540978,0.27023932791309313,0.42549356168506586,0.6761720385098368,0.37979272499475675
JON,2009,2011,2,1.9429921055261563,0.7397893279568659,0.06848309882453711,0.1281875191098052,0.48855721393034823,0.9267232317194796
JON,2009,2012,3,3.280279633692109,1.133449186994082,0.02137002958741988,0.04184581291474209,0.4228791773778921,0.978290021168028
JON,2009,2013,4,2.8169949056925327,1.206425277935181,0.02152736454398822,0.04214740650359001,0.6264367816091955,0.9776663983691865
JON,2009,2014,5,-0.3985247265483738,0.8696005692405142,0.3173035957470934,0.4817471033579595,0.59742570113018,0.40031507047395
JON,2009,2015,6,-0.8527259191811761,1.2079899879462983,0.09765028395122433,0.17792603961201825,0.8731163666806195,0.7023267785456544
JON,2009,2016,7,4.7221625507739216,3.4223395623715223,0.00389089589172017,0.00775163099425069,0.5604395604395604,0.9960897055588448
JON,2009,2017,8,5.408908756456153,3.104882612772976,0.00270080758949106,0.00538706575091697,0.3956043956043957,0.9972944094639574
JON,2009,2018,9,4.040602629498684,3.36856750411717,0.0041163270294552,0.00819890468593975,0.7628032345013477,0.9958284511181006
JON,2009,2019,10,3.2910135428733684,3.282461003209464,0.00579739478363525,0.01152795744690187,0.8393574297188754,0.9940215084094688
JON,2009,2021,12,5.82834542878811,4.417601368458096,1.4673686686353916e-4,2.9343067662894814e-4,0.95,0.999852852886916
JON,2009,2022,13,6.229039399756064,4.161707029026312,1.8741284153974043e-4,3.747554490958833e-4,0.9047619047619048,0.999812252889375
JON,2009,2023,14,3.872231537594552,4.644536777588077,0.00696706323340574,0.01383771820904303,0.6606334841628958,0.9929371464640582
JON,2010,2011,1,2.5928334505033774,1.1300487062316364,0.06338579770798675,0.11921505411226666,0.14358322744599747,0.9359333664490272
JON,2010,2012,2,3.9301209786693305,1.7883224955125638,0.0143415863144958,0.028277626606249,0.2660098522167487,0.9855834820764278
JON,2010,2013,3,3.466836250669754,1.79635310003283,0.01482847754746197,0.02922361339976975,0.5172955974842768,0.9849320765041152
JON,2010,2014,4,0.2513166184288476,1.9633942602896313,0.2476670878816623,0.3970082889693935,0.546275682208511,0.6471040812795137
JON,2010,2015,5,-0.20288457420395495,2.4914067494351646,0.08547601660048314,0.15749038264001214,0.8569694026226323,0.8247973771053779
JON,2010,2016,6,5.372003895751142,4.350681263695207,0.00112058918941854,0.00223866974971688,0.7578947368421053,0.99887546602255906
JON,2010,2017,7,6.0587501014333744,4.189717593192901,0.00124189685661127,0.00248071292364052,0.46808510638297873,0.998756744427624
JON,2010,2018,8,4.6904439744759054,4.4640041186388695,0.00165281504678125,0.00330017551381625,0.8186528497409327,0.9983347601333824
JON,2010,2019,9,3.94085488785059,4.3918422716268495,3.422413020561304e-4,6.842484260400029e-4,0.982051282051282,0.9996512277675564
JON,2010,2021,11,6.478186773765331,5.1503348404071705,0,0,1,1
JON,2010,2022,12,6.878880744733285,4.766496283569966,9.348483726140702e-5,1.869521973270713e-4,0.9090909090909092,0.9999064276868138
JON,2010,2023,13,4.5220728825717735,4.3902342288108915,0.00267116337368116,0.00532809453638523,0.7521739130434782,0.9973070039277584
JON,2011,2012,1,1.337287528165953,0.8836463963542651,0.16976784041614437,0.2902590318361796,0.3021159153633854,0.8167657309372199
JON,2011,2013,2,0.8740028001663765,0.9286783313935304,0.18734416270220056,0.3155684233555939,0.4640883977900553,0.7763759203884167
JON,2011,2014,3,-2.34151683207453,1.080246249645022,0.06687782023308983,0.1253710949178388,0.9312852540243078,0.2855731225296443
JON,2011,2015,4,-2.7957180247073325,1.629696748185442,0.03050992581144741,0.05921325946942858,0.9685852635411434,0.48560311284046703
JON,2011,2016,5,2.779170445247765,3.440450229506814,0.02670769647038259,0.0520259009690847,0.5550314465408804,0.972371905600191
JON,2011,2017,6,3.465916650929997,3.4047691339664583,0.01570072224118457,0.03091604032049972,0.489795918367347,0.9840590040146094
JON,2011,2018,7,2.097610523972528,3.719334195767415,0.02534361417015551,0.04943438242538223,0.7739197530864197,0.9722487887714812
JON,2011,2019,8,1.348021437347212,3.7023428908619938,0.00408755926750763,0.00814183828846471,0.980256852597278,0.99487164458024
JON,2011,2021,10,3.885353323261953,4.527923806283994,0,0,1,1
JON,2011,2022,11,4.286047294229908,4.254654705572582,0.00175137856495223,0.00349663320146592,0.8711864406779661,0.9982276279544346
JON,2011,2023,12,1.929239432068396,4.78741982306246,0.01079790335673779,0.02136510833843097,0.9157758341431812,0.9877657125880732
JON,2012,2013,1,-0.4632847279995765,0.4375124965215501,0.34737693042918816,0.5156343745896496,0.5799607702217763,0.3324376199616123
JON,2012,2014,2,-3.6788043602404823,1.410168869498173,0.01801352752940446,0.0353895641703723,0.9818583689204105,0.2816091954022989
JON,2012,2015,3,-4.133005552873286,1.443734331632469,0.01539515998748627,0.03032348507092747,0.984595144783777,0.03927492447129904
JON,2012,2016,4,1.441882917081812,2.629286638792145,0.10323489464408464,0.1871494368883053,0.5107304993809327,0.884296539084758
JON,2012,2017,5,2.1286291227640435,2.838405638502681,0.04026104029334754,0.07740564864756287,0.6360642239604776,0.9566915273163724
JON,2012,2018,6,0.7603229958065751,3.205717236239405,0.05562364019356873,0.10538536288059838,0.8345994125392485,0.9226726786714836
JON,2012,2019,7,0.01073390918125912,3.121376331757418,0.04544807284123613,0.0869446776399347,0.9125861808665896,0.9135194550614082
JON,2012,2021,9,2.548065795096,3.860701905368411,0.00293060469952546,0.00584408270281763,0.959727385377943,0.9968493590606418
JON,2012,2022,10,2.9487597660639553,3.6548041963998106,0.011823424340376,0.02337052899933381,0.7653333333333333,0.9877023731907404
JON,2012,2023,11,0.591951903902443,4.7728326709770545,0.01788318698417383,0.0351379946399525,0.9506748104641936,0.9727110191022867
JON,2013,2014,1,-3.2155196322409068,1.505987863006254,0.02902703949815336,0.05641647572703158,0.9706596393688623,0.2689486552567237
JON,2013,2015,2,-3.6697208248737088,1.6339677514407076,0.01803553743040496,0.03543203899527508,0.981832512843107,0.2870905587668593
JON,2013,2016,3,1.9051676450813884,2.827198300256068,0.06888281724843774,0.12888750036371385,0.5024598228927517,0.925967168312705
JON,2013,2017,4,2.5919138507636204,2.9904075083492825,0.03213828865364036,0.06227516023179945,0.5530104712041886,0.966530943745653
JON,2013,2018,5,1.2236077238061518,3.360418702711755,0.04329027767077809,0.0829879825343083,0.8174500965872505,0.94629984675715
JON,2013,2019,6,0.4740186371808356,3.287641432087193,0.0163415775703314,0.03215764843429434,0.958091558830485,0.9739121776361644
JON,2013,2021,8,3.0113505230955764,3.917369700259549,5.549764455354126e-4,0.00110933723503522,0.9881773399014778,0.9994180277342876
JON,2013,2022,9,3.4120444940635317,3.6709763374860103,0.00677293675332236,0.01345474536724035,0.7892503536067892,0.9930508008343912
JON,2013,2023,10,1.0552366319020194,4.749551587515923,0.00912173187851779,0.0180785560163041,0.9649939963144838,0.987814058530159
JON,2014,2015,1,-0.4542011926328024,0.9542559922083682,0.2128965171421908,0.3510547093396137,0.7130206787375087,0.5480320119407552
JON,2014,2016,2,5.120687277322295,3.3292032044441355,0.00459501524568256,0.00914799531343247,0.2295081967213115,0.995398686808366
JON,2014,2017,3,5.807433483004527,3.152199209951695,0.00236318127584854,0.00471521963294899,0.2131147540983606,0.9976353052526816
JON,2014,2018,4,4.4391273560470585,3.4274397565616823,0.00532352224702185,0.01059066485408224,0.5461847389558233,0.9946421496250956
JON,2014,2019,5,3.689538269421742,3.3934717878904204,0.00292765657994445,0.00583822085418996,0.8802395209580839,0.9970079598752596
JON,2014,2021,7,6.226870155336483,4.689843452980275,0,0,1,1
JON,2014,2022,8,6.6275641263044385,4.536596308387025,3.777522797673392e-4,7.552192737323019e-4,0.7142857142857143,0.999621890641052
JON,2014,2023,9,4.270756264142926,5.416659587444379,0.00266039117833403,0.00530666455310461,0.8074324324324325,0.9973095974524436
JON,2015,2016,1,5.574888469955098,2.6492083890074536,0.00349539306827911,0.00696643570548267,0.07792207792207793,0.9965035741388152
JON,2015,2017,2,6.261634675637329,2.4386015780377064,0.00185781700221828,0.00370874383707916,0.02631578947368425,0.9981420897097458
JON,2015,2018,3,4.89332854867986,2.7119984705937963,0.00515959163554813,0.01026621380024379,0.310126582278481,0.9948284131301266
JON,2015,2019,4,4.143739462054544,2.5307449959180497,0.00732089084219584,0.0145353698285261,0.5345911949685535,0.9926170247489964
JON,2015,2021,6,6.681071347969286,4.12242679457764,5.011697904030692e-5,1.0022893490918376e-4,0.96,0.9999498226672876
JON,2015,2022,7,7.081765318937241,4.063869748603221,4.666526460503226e-4,9.328699658626544e-4,0.4444444444444444,0.9995331730771349
JON,2015,2023,8,4.724957456775728,5.351362811257082,0.00225009505799866,0.00449008699344338,0.7446808510638299,0.9977350405174312
JON,2016,2017,1,0.6867462056822319,1.9953973492696409,0.1705892399293861,0.2914587527554527,0.5646715328467153,0.7809380344813087
JON,2016,2018,2,-0.6815599212752368,2.3760605384267555,0.13115278393662344,0.23189225328197877,0.8254051541821992,0.654833108238472
JON,2016,2019,3,-1.4311490079005529,2.185130014083915,0.117742947983679,0.21067983152312095,0.8694802509834542,0.4539701979995917
JON,2016,2021,5,1.106182878014188,2.826021186325528,0.05620398936591888,0.1064263909846816,0.7859340659340659,0.9291828507321968
JON,2016,2022,6,1.5068768489821431,3.1454325875886626,0.04345142735959506,0.08328404412565107,0.7704435568635694,0.9491300645520616
JON,2016,2023,7,-0.8499310131793689,6.00385386505624,0.00761205586045379,0.01510910040462636,0.9892162994759316,0.9747716894977168
JON,2017,2018,1,-1.3683061269574686,0.6417596473685786,0.20405761332429292,0.3389499157949901,0.7873872677684249,0.16471040985183755
JON,2017,2019,2,-2.1178952135827847,0.9457587692626483,0.10705512460699693,0.1934052283891488,0.8916655567737486,0.0993485342019544
JON,2017,2021,4,0.4194366723319563,2.1655167812317897,0.186016734376534,0.3136831530025913,0.60458600604586,0.7400480959006952
JON,2017,2022,5,0.8201306432999115,2.3434484242617697,0.13622746995127846,0.23978908018676912,0.607849359991537,0.8273070074617008
JON,2017,2023,6,-1.5366772188616007,4.95747684213378,0.02275451666890915,0.04449653616396661,0.9729662489780296,0.8743169398907104
JON,2018,2019,1,-0.7495890866253161,0.962886547803271,0.28955903554051904,0.4490822483658536,0.6693495662607578,0.3003006012024047
JON,2018,2021,3,1.7877427992894248,2.1418500284296753,0.07222057560172268,0.13471216136883588,0.5301274623406721,0.9213727239978496
JON,2018,2022,4,2.18843677025738,2.3814648697426524,0.05479320700555623,0.10389374266280728,0.484621778886118,0.9422303084334354
JON,2018,2023,5,-0.16837109190413224,4.927893046002114,0.03443284622464525,0.06657338144339542,0.9385847178623244,0.927322649333184
JON,2019,2021,2,2.537331885914741,2.499817091775088,0.05448574286697185,0.10334088106081768,0.2949110974862048,0.9442436106023024
JON,2019,2022,3,2.938025856882696,2.7210217415775397,0.03678915854251011,0.07096748309796623,0.2946350043975374,0.9626366776944332
JON,2019,2023,4,0.5812179947211839,5.086314652976858,0.03368726329173092,0.06517883017046247,0.9091336994076245,0.9491860355697752
JON,2021,2022,1,0.4006939709679552,0.753255301564696,0.3950912221292403,0.5664019898659205,0.29401947148817803,0.5270953955945197
JON,2021,2023,2,-1.956113891193557,4.4649041270778245,0.03448970229796577,0.06667964354087237,0.961945698151238,0.7308878985258828
JON,2022,2023,1,-2.3568078621615123,3.808632404654016,0.05619042576440135,0.10640207370509804,0.941759648835026,0.3851451057550418
RAN,2007,2008,1,-1.62282605103892,1.3676937455890266,0.1036964470840876,0.18790754896067408,0.8875053672963285,0.4299457326097681
RAN,2007,2009,2,0.840240584455063,1.2242528886305104,0.1248171952782535,0.2219332986768159,0.6319320214669052,0.8411394043177018
RAN,2007,2010,3,-2.315070678999906,0.8978162369747928,0.07468517789766031,0.1389898724457376,0.9236417992247448,0.22682445759368836
RAN,2007,2011,4,-2.4435017259902394,1.0085026869380764,0.07254835802820492,0.1352822135900321,0.926483845611997,0.15358744394618845
RAN,2007,2012,5,-3.3148324930263606,1.7082350229389165,0.02293570593088349,0.04484290810830917,0.9767637472720376,0.36058981233243975
RAN,2007,2013,6,-1.095624898456896,1.4663411902612062,0.1018630418278217,0.18489238310207148,0.8766462160063438,0.6310425160163075
RAN,2007,2014,7,-2.4330023388018147,1.6857609759651389,0.05595292614125794,0.10597617517993972,0.9423609936307008,0.34331669439822526
RAN,2007,2015,8,-5.905000891686677,2.678564712012913,0.00188168039150665,0.00375629264080633,0.99811673426714,0.309090909090909
RAN,2007,2016,9,-8.314576380268587,2.9013906899911808,4.8974529064746e-5,9.794426135541751e-5,0.9999510158750377,0.8
RAN,2007,2017,10,-7.442692279382289,2.771654514801408,9.730450586157148e-5,1.9459007723183236e-4,0.999902647975078,0.8337869278537281
RAN,2007,2018,11,-7.0925419706588535,2.8388643433824448,9.772615289277212e-5,1.954332068500913e-4,0.999902202166562,0.8823529411764706
RAN,2007,2019,12,-5.849751414019164,2.494481269691041,1.9477291489864533e-4,3.894699715956575e-4,0.999804704057652,0.9322033898305084
RAN,2007,2021,14,-0.4397796438607393,2.6420457388319445,0.04443276321889645,0.08508496627768858,0.930052570093458,0.891416050444146
RAN,2007,2022,15,-9.167994915297289,2.604781941480888,4.867330381754123e-5,9.734186968468512e-5,0.9999513239875388,0.5334216365790891
RAN,2007,2023,16,-3.6102360736262527,2.143221649769562,0.00582227647807706,0.01157714760198784,0.9940548715497536,0.7801801801801801
RAN,2008,2009,1,2.463066635493983,0.9604047628855782,0.07639491365517935,0.14194588377561262,0.09575070821529742,0.9229820545778522
RAN,2008,2010,2,-0.6922446279609862,1.0140170246431803,0.19118474178120223,0.32099931282752986,0.7591780529926998,0.5187906188188754
RAN,2008,2011,3,-0.8206756749513192,1.1040048045142183,0.1778472707051598,0.3019869810432812,0.7825491153983221,0.5059440933918817
RAN,2008,2012,4,-1.6920064419874403,0.7917366447737015,0.08755138915636293,0.1610064407609804,0.9046721383582326,0.4823348694316435
RAN,2008,2013,5,0.5272011525820242,0.7096665085325724,0.24421321648336416,0.3925584670666122,0.4711876482382799,0.6878660277818112
RAN,2008,2014,6,-0.8101762877628945,1.0906397063509066,0.16912690640783165,0.28932172458074346,0.7909969299966999,0.530097498940229
RAN,2008,2015,7,-4.282174840647757,1.9600011117526053,0.0076373316382507,0.01515888980777175,0.9923158633371714,0.4436860068259387
RAN,2008,2016,8,-6.6917503292296665,2.262655559360081,2.384356997949279e-4,4.767577235284137e-4,0.999761325284199,0.8076923076923077
RAN,2008,2017,9,-5.819866228343369,3.0110652474956385,9.546779658121768e-5,1.909173667021072e-4,0.9999042579950712,0.967741935483871
RAN,2008,2018,10,-5.469715919619933,3.2456354784376424,2.8287270458447826e-4,5.655854204913885e-4,0.999716016045638,0.9325842696629214
RAN,2008,2019,11,-4.226925362980245,2.0889274402071125,6.522719772187368e-4,0.00130369359164076,0.9993386380643572,0.9546925566343042
RAN,2008,2021,13,1.1830464071781808,2.1296857987209608,0.10021887231180536,0.1821798822651045,0.6115648480888599,0.8810051958504668
RAN,2008,2022,14,-7.545168864258368,1.8849674952406608,1.441240381625371e-4,2.882065388348725e-4,0.9998558205492384,0.7272727272727273
RAN,2008,2023,15,-1.9874100225873328,1.864181493972452,0.03907588119386399,0.0752127576072059,0.9572396699003248,0.6879944960440316
RAN,2009,2010,1,-3.155311263454969,0.914202532680209,0.03991433830303307,0.0767646657669258,0.9599816151384724,0.06115515288788224
RAN,2009,2011,2,-3.283742310445302,1.009000153649512,0.03663636445738547,0.07068315508411152,0.9633335478831244,0.02190721649484533
RAN,2009,2012,3,-4.155073077481424,1.3321695469761177,0.01143796200686303,0.02261722900763621,0.9885140138934532,0.26769230769230773
RAN,2009,2013,4,-1.9358654829119588,0.7677243978496024,0.1182861665570336,0.2115490115042944,0.8789623043426494,0.1612040133779264
RAN,2009,2014,5,-3.2732429232568774,1.3119899477971375,0.02889607785539853,0.05616908933238172,0.9708515180026572,0.2305732484076433
RAN,2009,2015,6,-6.745241476141739,2.394795036273976,3.918475224817748e-4,7.833880762867149e-4,0.9996078451477036,0.6666666666666666
RAN,2009,2016,7,-9.15481696472365,2.518889723719034,5.2851894551773896e-5,1.0569820275328156e-4,0.9999471453119778,0.5
RAN,2009,2017,8,-8.2829328638373525,2.8542567951531503,1.0110254481087904e-4,2.0218464823929937e-4,0.9998988821202768,0.6
RAN,2009,2018,9,-7.932782555113916,3.08055604694829,4.824058125185222e-5,9.647650842086106e-5,0.9999517444385464,0.8655034752311102
RAN,2009,2019,10,-6.689991998474228,1.9786117853632628,1.987192997281496e-4,3.9735963642760806e-4,0.9998010731646144,0.84
RAN,2009,2021,12,-1.2800202283158022,2.187447589068521,0.07149602532205264,0.13345084560731532,0.9147227960434988,0.6932824162471792
RAN,2009,2022,13,-10.00823549975235,2.208163817933722,0,0,1,0
RAN,2009,2023,14,-4.450476658081316,1.9406879956462553,0.00510082988237428,0.01014988691825321,0.9948658167176864,0.5601659751037344
RAN,2010,2011,1,-0.12843104699033306,0.23989956506387083,0.38151975231449176,0.552318925118983,0.4809654142821598,0.409835349221109
RAN,2010,2012,2,-0.9997618140264544,1.255039235825362,0.09040354251580944,0.1658166706011022,0.886584127038386,0.6917771165810116
RAN,2010,2013,3,1.2194457805430103,0.9685510439564172,0.16057724142551208,0.27671961105885295,0.3932492216942487,0.8207695609639742
RAN,2010,2014,4,-0.11793165980190835,1.2041407154958046,0.16074691636827593,0.27697151567064765,0.7384340847981536,0.705694607760793
RAN,2010,2015,5,-3.5899302126867707,2.5235764961834084,0.00394251190268797,0.00785405908395305,0.995964583435367,0.8537906137184115
RAN,2010,2016,6,-5.9995057012686805,2.884621610047378,0,0,1,1
RAN,2010,2017,7,-5.127621600382383,3.0491978779381133,4.947267962532318e-5,9.894046440074908e-5,0.9999502363772084,0.991609076612893
RAN,2010,2018,8,-4.777471291658947,3.1278225786691873,3.952803523815875e-4,7.902483351227987e-4,0.999601549970826,0.9526627218934912
RAN,2010,2019,9,-3.534680735019258,2.4368924241403036,5.322890553181161e-4,0.0010640117488276,0.999452476542147,0.9812286689419796
RAN,2010,2021,11,1.875291035139167,2.64829516536166,0.01896500961981295,0.03722406449832659,0.8599869451697129,0.978534550727826
RAN,2010,2022,12,-6.8529242362973815,2.5581257100274755,0,0,1,1
RAN,2010,2023,13,-1.2951653946263464,2.2957437886401646,0.00321370082049916,0.00640681206381207,0.9959193330036176,0.9850990368889696
RAN,2011,2012,1,-0.8713307670361213,1.3427907210156724,0.08823266430934386,0.16215772086815916,0.8849981989580494,0.7251354154661749
RAN,2011,2013,2,1.3478768275333437,1.0695928518285296,0.14717748602904557,0.25659061099342245,0.37786472889882616,0.8383746958014873
RAN,2011,2014,3,0.01049938718842465,1.3154480876479722,0.12956608190330018,0.22940859145661224,0.7693807392090171,0.7717894330890861
RAN,2011,2015,4,-3.4614991656964373,2.678118216492244,0.00117167019840474,0.00234059798790062,0.9987929738885069,0.9615384615384616
RAN,2011,2016,5,-5.871074654278347,3.0681758872487803,4.808274037279014e-5,9.616085706805586e-5,0.9999517839922856,0.9829011629661928
RAN,2011,2017,6,-4.99919055339205,3.283666794748014,0,0,1,1
RAN,2011,2018,7,-4.6490402446686145,3.36017455419223,3.8317915855381454e-4,7.66064777050961e-4,0.9996133016915506,0.9595959595959596
RAN,2011,2019,8,-3.406249688028925,2.638603392053026,7.481742844963309e-4,0.00149522987644969,0.999227590152302,0.9767103347889374
RAN,2011,2021,10,2.0037220821295,2.8481154546282794,0.01476883590254346,0.02910778372378363,0.8775055679287305,0.9834837706519628
RAN,2011,2022,11,-6.724493189307048,2.7463449639444857,1.4998351541961594e-4,2.9992204747619956e-4,0.999849858853702,0.875
RAN,2011,2023,12,-1.1667343476360137,2.509061342455906,0.00766928308258534,0.01522182567503508,0.9900191847706656,0.9679467327345928
RAN,2012,2013,1,2.2192075945694647,0.6040227392558061,0.07557508613294434,0.14052963313730574,0.28329621380846326,0.9220977347634448
RAN,2012,2014,2,0.881830154224546,0.4862588112051813,0.14462588947513763,0.2527042080822671,0.5684676292501165,0.8213350306225976
RAN,2012,2015,3,-2.590168398660316,1.449810253641634,0.035840523061135,0.06920085141140923,0.9628042860507484,0.5041061276058117
RAN,2012,2016,4,-4.999743887242226,2.0101586349304896,9.437847900834208e-4,0.00188578980043589,0.999050750296581,0.8591549295774648
RAN,2012,2017,5,-4.127859786355929,3.1685858225399532,9.324334006266108e-5,1.8646929310561387e-4,0.9999052626592771,0.9941220225287636
RAN,2012,2018,6,-3.777709477632493,3.3249616604663212,5.570768609485044e-4,0.00111353339820697,0.9994304972474962,0.975103734439834
RAN,2012,2019,7,-2.5349189209928036,2.1575713595228865,0.00114272767456821,0.00228284667706175,0.9987680981496376,0.9844590555887628
RAN,2012,2021,9,2.8750528491656215,2.264974170483166,0.01534715695509523,0.0302303637725633,0.7169476486246673,0.9840321229692148
RAN,2012,2022,10,-5.853162422270927,1.754471415615987,3.340801899170257e-4,6.679372352356511e-4,0.999665072623242,0.8833333333333333
RAN,2012,2023,11,-0.29540358059989197,2.0250788441517695,0.05190779539986589,0.09869267178523757,0.9139285828311998,0.8843485456049901
RAN,2013,2014,1,-1.3373774403449188,0.6091401535273557,0.17447694391489166,0.29711429384608695,0.8124416586639494,0.28558259587020657
RAN,2013,2015,2,-4.809375993229781,1.7918400591856745,0.00493419873124037,0.00981994390771048,0.995049997311888,0.39285714285714296
RAN,2013,2016,3,-7.218951481811691,2.1424406273709784,1.9524714421736457e-4,3.904180604233806e-4,0.999804647965484,0.7333333333333333
RAN,2013,2017,4,-6.3470673809253935,2.9967538731501824,1.4575569932214928e-4,2.914689153887054e-4,0.999854010233432,0.9166666666666666
RAN,2013,2018,5,-5.996917072201958,3.1818192993654293,2.9187797989694214e-4,5.83585624000854e-4,0.9997074816726644,0.8823529411764706
RAN,2013,2019,6,-4.754126515562269,1.955740644161695,2.8803119496465635e-4,5.758965137682761e-4,0.9997095707615246,0.9662921348314608
RAN,2013,2021,8,0.6558452545961565,2.1425234361501304,0.05340511756136145,0.10139521191048433,0.8516197454685692,0.9229901749653548
RAN,2013,2022,9,-8.072370016840392,1.8653836162711703,4.838761081262801e-5,9.677053913007049e-5,0.9999515996321572,0.8448919219602808
RAN,2013,2023,10,-2.5146111751693567,1.9303493028558123,0.02168982009417074,0.04245871822853545,0.9770533054706192,0.7163375224416517
RAN,2014,2015,1,-3.471998552884862,1.4936263891768795,0.01591716182993213,0.03133555062946504,0.9838456634311687,0.4798136645962733
RAN,2014,2016,2,-5.881574041466772,2.053901977507515,3.9069644648588115e-4,7.810877247732997e-4,0.9996083663680708,0.8596491228070177
RAN,2014,2017,3,-5.009689940580475,3.0381343190236385,1.4412378206590443e-4,2.882060267892138e-4,0.9998549353912314,0.9782608695652172
RAN,2014,2018,4,-4.659539631857038,3.1396066645133915,8.144047105002226e-4,0.00162748399037242,0.9991785511996608,0.9132653061224488
RAN,2014,2019,5,-3.4167490752173495,2.039552916511163,0.00182577993036378,0.00364490506620959,0.9981177364816768,0.9426470588235296
RAN,2014,2021,7,1.9932226949410752,2.2514047666832573,0.0289086765552663,0.05619289099991085,0.7656995960337862,0.9680752562675392
RAN,2014,2022,8,-6.734992576495473,1.8344761601961892,1.9790131864260425e-4,3.9572432291988367e-4,0.9998019026627362,0.8333333333333334
RAN,2014,2023,9,-1.177233734824438,2.0778014355793184,0.03922131848002508,0.07548212836393801,0.9506297843594608,0.839774683148177
RAN,2015,2016,1,-2.40957548858191,0.9267177032618832,0.003393383827356,0.00676381543281108,0.9963142162743706,0.958980044345898
RAN,2015,2017,2,-1.5376913876956124,2.9268171692954614,0.00106712023285679,0.00213196540229704,0.9987049625646254,0.99397311080204
RAN,2015,2018,3,-1.1875410789721763,3.1041479803713927,0.0018350975366354,0.00366347224437961,0.9976096388719292,0.992161985630307
RAN,2015,2019,4,0.05524947766751234,1.9852625601301457,0.00291394033446823,0.00581094791343002,0.9940240088732172,0.9943452240704962
RAN,2015,2021,6,5.465221247825937,1.9591799820307532,0.00271608418083135,0.00541745410028056,0.35714285714285704,0.9972798112293416
RAN,2015,2022,7,-3.262994023610611,0.991501484590776,0.00327457827306689,0.00652778081689942,0.9966111886441968,0.9114583333333334
RAN,2015,2023,8,2.294764818060424,1.8328413084816275,0.02815554626796023,0.0547690402880388,0.7009034712315739,0.9698555284378788
RAN,2016,2017,1,0.8718841008862976,2.4922702652602755,0.00148448151858094,0.00296456219936624,0.9949729736855916,0.9978978838697622
RAN,2016,2018,2,1.2220344096097333,2.8006299632630354,0.00122539417778829,0.00244778884937211,0.9946221030406072,0.9984155093671356
RAN,2016,2019,3,2.4648249662494224,1.6509849495943811,0.00110971230107801,0.00221696440947977,0.9858541893362353,0.9987972705112336
RAN,2016,2021,5,7.874796736407848,1.5091409165865186,1.6291013407250516e-4,3.2576719736721076e-4,0.5714285714285714,0.999837054471957
RAN,2016,2022,6,-0.8534185350287011,0.5564401946593629,0.00285441065994147,0.00569257238059727,0.9959413202933984,0.9904716052631384
RAN,2016,2023,7,4.704340306642334,1.386274136944791,0.00209370238982618,0.00417865591777107,0.7671957671957672,0.9978917513245588
RAN,2017,2018,1,0.35015030872343583,0.6287313505378053,0.00373229682923907,0.00743683717467156,0.9910041010715702,0.9936616499497308
RAN,2017,2019,2,1.592940865363125,1.801612236272184,0.00157807983929379,0.0031511868541432,0.990675336498493,0.9981040462427746
RAN,2017,2021,4,7.00291263552155,1.855610836410408,2.523981059524887e-4,5.046688344470297e-4,0.7222222222222221,0.9997474361527922
RAN,2017,2022,5,-1.7253026359149986,2.2990436998118073,0.00115120496010767,0.00229976242230772,0.9986453029382912,0.9923944328827884
RAN,2017,2023,6,3.8324562057560367,1.580820346244845,0.00363219657100413,0.00723810292936765,0.8292682926829268,0.9963025730619732
RAN,2018,2019,1,1.242790556639689,2.1947506909764276,0.00165364808799738,0.0033018361010394,0.992628205128205,0.99787266364951
RAN,2018,2021,3,6.652762326798114,2.3244224377005445,4.12582763750687e-4,8.248252188329766e-4,0.6799999999999999,0.99958705519169
RAN,2018,2022,4,-2.0754529446384344,2.6479587912228224,5.800230985245101e-4,0.00115937373350376,0.9993475626805852,0.994801278458066
RAN,2018,2023,5,3.482305897032601,1.9704401043746196,0.00242495292127751,0.00483817349959354,0.9188767550702028,0.9975065591012184
RAN,2019,2021,2,5.409971770158425,0.5303397724933387,5.505326555665639e-4,0.00110045947225752,0.8764044943820224,0.9994473097649992
RAN,2019,2022,3,-3.3182435012781233,1.2994619059745829,8.03923883412722e-4,0.00160655621791181,0.9991676300578036,0.9770167611099274
RAN,2019,2023,4,2.2395153403929116,1.4525070545214134,0.00513805949199635,0.01022358957254721,0.946894689468947,0.994343747373298
RAN,2021,2022,1,-8.728215271436548,1.100985003108682,1.619512374501648e-4,3.238500269877107e-4,0.99983804876255,0
RAN,2021,2023,2,-3.1704564297655136,1.3379664625409922,0.02586512894670621,0.05042598333225908,0.973728455235406,0.3742550655542312
RAN,2022,2023,1,5.557758841671035,1.154714136656779,0.00125040309032847,0.00249768307002752,0.675,0.9987463411689278
RKB,2007,2008,1,1.3930106677081584,0.928060406601922,0.09912109026977782,0.180364276779456,0.5466583902338092,0.8874232423711849
RKB,2007,2009,2,3.4783431037747072,0.5677361407311997,0.02305195736999131,0.04506507651723199,0.24727838258164844,0.9767721414539864
RKB,2007,2010,3,1.9086827654394372,1.0300249402608872,0.05298431368539701,0.10063647292133789,0.6103255508056561,0.9422207982600572
RKB,2007,2011,4,1.8377015738094749,0.9710683224689,0.07698021642360016,0.14295567411485696,0.47949247565653585,0.9171441152653949
RKB,2007,2012,5,1.6347441111795014,2.3238188480380924,0.02802736804199429,0.05452650175136075,0.8329268292682926,0.9674203534846132
RKB,2007,2013,6,1.262113150738866,1.5748251345405364,0.0558111005538021,0.10572175368212676,0.7603880355699272,0.9321765741506248
RKB,2007,2014,7,-0.8366485249384149,1.7258337822428589,0.06649485948659986,0.12469794653977016,0.9106439568308526,0.7937111442360488
RKB,2007,2015,8,1.340834344759495,1.6303017871076515,0.05946330878915722,0.112251756707114,0.7293480363706712,0.9291900601864632
RKB,2007,2016,9,2.8612563160857767,1.900791250421617,0.01466683893521353,0.02890966447785924,0.732824427480916,0.9847183967773198
RKB,2007,2017,10,0.6964959364456466,1.6132092479687734,0.06079995614261911,0.11463038962351706,0.8276699029126213,0.9141230145740338
RKB,2007,2018,11,2.828732750893815,1.4941420822227525,0.01512669118172642,0.02980256811909297,0.7329093799682036,0.9842182335609458
RKB,2007,2019,12,-0.03693301372958357,1.4152144363745696,0.0857439529243066,0.15794507110698927,0.8449184184952175,0.8390837047554478
RKB,2007,2021,14,3.373465296232084,2.1630614670180446,0.00992028558860503,0.01964568041689204,0.7035519125683061,0.9898405244438468
RKB,2007,2022,15,3.9425393411837537,2.8169807977520605,0.00670278641905554,0.01331631641330414,0.6501182033096926,0.993212680903088
RKB,2007,2023,16,4.67905785071412,2.8732522084467513,0.00483247833005373,0.00961847558527349,0.4773869346733668,0.9951460951598904
RKB,2008,2009,1,2.0853324360665493,1.071023151918442,0.08668858799614224,0.1595463299306314,0.2782709378618294,0.9103137586432856
RKB,2008,2010,2,0.5156720977312789,0.39598493364329296,0.31900898147473017,0.4837100974370307,0.3530948881267353,0.6137335070885039
RKB,2008,2011,3,0.44469090610131656,0.27148130388105657,0.3854788058188304,0.5564557237539393,0.28773446658851115,0.5434218514971064
RKB,2008,2012,4,0.24173344347134307,1.5715495954752232,0.22306205880090907,0.36476000084509086,0.5853673308703289,0.6744032833205914
RKB,2008,2013,5,-0.13089751696929255,0.7057754534581183,0.34771968874129355,0.5160118853291329,0.5156434626252248,0.4479057359176977
RKB,2008,2014,6,-2.229659192646573,0.991247618214504,0.07470208746763277,0.1390191539381049,0.923013619624646,0.28428093645484953
RKB,2008,2015,7,-0.05217632294866344,1.032829407865366,0.33038286145188783,0.4966733577600824,0.5159517081941947,0.4900253589013063
RKB,2008,2016,8,1.4682456483776185,1.4831362161802188,0.08875797739817996,0.16304445843930554,0.5645399031375027,0.8997008201782491
RKB,2008,2017,9,-0.6965147312625118,0.86559735676901,0.2655969432955176,0.4197180543181836,0.6855642204146314,0.3690071141354779
RKB,2008,2018,10,1.4357220831856568,1.0434293558874066,0.1089279944277929,0.19645638846731392,0.4889502762430939,0.8783990467110001
RKB,2008,2019,11,-1.429943681437742,1.1509997054505858,0.1787015798791547,0.3032176810986813,0.8121077678452627,0.2148990983254616
RKB,2008,2021,13,1.9804546285239255,1.6987652103565103,0.05744337011056524,0.10864576153058488,0.5520515428958969,0.9381802096027476
RKB,2008,2022,14,2.549528673475596,2.2675139497698273,0.04414419189549674,0.08455573902175174,0.4165202108963093,0.954419447727534
RKB,2008,2023,15,3.286047183005962,2.3000796733672075,0.026866024926362,0.05232625147625974,0.27431421446384036,0.972858336770909
RKB,2009,2010,1,-1.5696603383352703,1.0631323629884668,0.1354800492242303,0.23863043532432193,0.8558533932826402,0.30737327188940083
RKB,2009,2011,2,-1.6406415299652326,1.073012333733018,0.13054103786028134,0.2309355140391009,0.8621481672530739,0.28889438535740786
RKB,2009,2012,3,-1.843598992595206,2.2657032987825483,0.0596196635687852,0.11253030803144395,0.9348310614321416,0.5881818181818181
RKB,2009,2013,4,-2.2162299530358416,1.6209422610100792,0.07339318003938039,0.1367498534631788,0.9241708836729026,0.30444346678398587
RKB,2009,2014,5,-4.3149916287131225,1.7218119795411908,0.00972547652570706,0.01926360531016958,0.9902394523003282,0.2697841726618705
RKB,2009,2015,6,-2.1375087590152124,1.5493726204220846,0.06919608232231853,0.1294357199140181,0.9276487775111932,0.3865853658536586
RKB,2009,2016,7,-0.6170867876889304,1.6502787414730264,0.18353180887790355,0.310142587636759,0.7612655925004668,0.5575008887308923
RKB,2009,2017,8,-2.781847167329061,1.6207881529130594,0.04552510317345024,0.08708562431503422,0.9537608419740502,0.25329202168861353
RKB,2009,2018,9,-0.6496103528808924,1.3211420747184568,0.22659710973293737,0.3694727599387113,0.7187851878333241,0.4615313991920676
RKB,2009,2019,10,-3.5152761175042913,1.3292032730483785,0.02428593747790697,0.04742023020975195,0.9755847557883366,0.17903225806451617
RKB,2009,2021,12,-0.10487780754262338,1.7952684773403598,0.1802368005506167,0.30542481045588593,0.7097800700863801,0.6776890308839192
RKB,2009,2022,13,0.4641962374090464,2.4865531675723727,0.16845223051268468,0.28833396199478767,0.6265015418458563,0.7652038621699538
RKB,2009,2023,14,1.2007147469394128,2.5654357502743563,0.17062095701885657,0.2915050443883488,0.3699860616385318,0.8103790277977738
RKB,2010,2011,1,-0.07098119162996228,0.3024381466008136,0.41081532345267774,0.582380013349008,0.4375724972525976,0.3961997487437186
RKB,2010,2012,2,-0.27393865425993574,1.3127619599956568,0.23415187768912735,0.37945390988273214,0.6660087059439387,0.5607566527733248
RKB,2010,2013,3,-0.6465696147005713,0.6290137796418197,0.3147220149405859,0.47876587044875585,0.635218786976235,0.3036395792609141
RKB,2010,2014,4,-2.745331290377852,0.819110376118227,0.04466382502229354,0.08550851279135734,0.9544997651397032,0.29157175398633256
RKB,2010,2015,5,-0.5678484206799422,0.715518653241752,0.27726548263258144,0.4341548196559849,0.6598953744946452,0.3998967564312139
RKB,2010,2016,6,0.9525735506463398,1.1606447028631834,0.13272161759922912,0.2343411047111977,0.5790797083228564,0.8376312579439553
RKB,2010,2017,7,-1.2121868289937905,0.7268796929158666,0.19843484791766292,0.33115667199172794,0.7851545114045138,0.277941658472632
RKB,2010,2018,8,0.920049985454378,0.892413341722855,0.1699232948146783,0.290486214895986,0.4902815408175286,0.7968776418406519
RKB,2010,2019,9,-1.9456157791690207,0.8354920062131129,0.1111956031089536,0.2001368666287834,0.8856318674307798,0.19965870307167233
RKB,2010,2021,11,1.464782530792647,1.4644677647972504,0.1048436549159402,0.1897891243696684,0.4945344129554656,0.8831726237902877
RKB,2010,2022,12,2.0338565757443168,2.0076138590512924,0.07504310890998596,0.13960948782058444,0.3966421825813221,0.921062702058408
RKB,2010,2023,13,2.7703750852746833,2.0668969338925773,0.04922980912825213,0.09383989798984932,0.2040208488458674,0.9501410555193508
RKB,2011,2012,1,-0.20295746262997347,1.462339764737436,0.21568788207587536,0.3548408851580763,0.6777489499774796,0.6052359033371691
RKB,2011,2013,2,-0.5755884230706091,0.6462372991281454,0.3473332222429983,0.5155862210014666,0.5972307834644035,0.2838052284306356
RKB,2011,2014,3,-2.67435009874789,1.035099261935553,0.04962575794909941,0.09455895603412956,0.949460525116895,0.2670299727520436
RKB,2011,2015,4,-0.49686722904997993,0.9798132460377568,0.2915360437096298,0.4514563029495669,0.636931220410155,0.4032731202717308
RKB,2011,2016,5,1.023554742276302,1.407996272422065,0.11036824556249242,0.19879575267677413,0.6239708462680523,0.864886936595021
RKB,2011,2017,6,-1.1412056373638282,0.9178230624143108,0.2270483198585727,0.37007233730574174,0.7558570492078731,0.23570063225996168
RKB,2011,2018,7,0.9910311770843402,1.0438392568116557,0.15794139993200143,0.2727968789116208,0.4961426584039459,0.8129713154266559
RKB,2011,2019,8,-1.8746345875390584,1.1210325942577812,0.12896424549835972,0.2284647118145551,0.8682431424385157,0.1411512553582364
RKB,2011,2021,10,1.535763722422609,1.5716278062676552,0.08153558716182376,0.1507774466779965,0.5744403390567268,0.9083807475212397
RKB,2011,2022,11,2.104837767374279,2.114707638410309,0.06415774317729218,0.12057938513088148,0.4449868569282763,0.9323630773286978
RKB,2011,2023,12,2.841356276904645,2.1366506185097185,0.04192134236114422,0.08046930350067388,0.2701838529176659,0.9574177980145868
RKB,2012,2013,1,-0.3726309604406357,0.9463335687728645,0.31717734436734757,0.48160157889701755,0.5933068692754649,0.4096651708664135
RKB,2012,2014,2,-2.4713926361179164,0.9514624417345212,0.06144700234859168,0.11577968982461127,0.9372203651601444,0.2567567567567568
RKB,2012,2015,3,-0.2939097664200065,0.922715499877216,0.32732288994229775,0.493207632329052,0.5695915723479916,0.4225370086778969
RKB,2012,2016,4,1.2265122049062755,1.238606311439909,0.12575693785221487,0.2234175666590007,0.5074404761904762,0.8555254873529488
RKB,2012,2017,5,-0.9382481747338548,1.1013777102301208,0.2449501397400302,0.3935099598304886,0.7262522884440795,0.30043753038405435
RKB,2012,2018,6,1.1939886397143136,1.4969213860664712,0.10664631987947933,0.1927378566461844,0.5855925639039504,0.8744302984398157
RKB,2012,2019,7,-1.671677124909085,1.4134181047532024,0.12348397760747622,0.21982329978651313,0.8694324760818015,0.30523917995444194
RKB,2012,2021,9,1.7387211850525826,1.3922872804958497,0.08100710810369745,0.14987340508019434,0.4986687965921193,0.911893546498869
RKB,2012,2022,10,2.307795230004253,1.4564158985992806,0.06652304638107912,0.12474750847026664,0.31063046479521395,0.9314212834103064
RKB,2012,2023,11,3.0443137395346187,1.4930557970626348,0.03904962147403489,0.07516411279499362,0.17335945151811946,0.9606279483394984
RKB,2013,2014,1,-2.098761675677281,0.7343553090441178,0.09017739730186064,0.16543618960555523,0.9071399915502704,0.24262784621127292
RKB,2013,2015,2,0.07872119402062905,0.8441400542604048,0.35562930239231727,0.524670426885474,0.4538436268068331,0.4951889814673214
RKB,2013,2016,3,1.5991431653469113,1.3279410866516284,0.10584248537749208,0.19142416171750087,0.43062890062409986,0.8849474187724589
RKB,2013,2017,4,-0.5656172142932192,0.7309405982410007,0.3464882694610733,0.5146547167466284,0.5965082690434588,0.28963905897518527
RKB,2013,2018,5,1.566619600154949,1.080172448059704,0.13444532689666136,0.23702389830357723,0.3137651821862349,0.8567487231461973
RKB,2013,2019,6,-1.2990461644684494,1.2486969857422865,0.16743743260546792,0.2868460920116015,0.8174523134236885,0.3308169770172789
RKB,2013,2021,8,2.111352145493218,1.4467671359858942,0.06966129228967602,0.13024925327635578,0.3969849246231156,0.9269904648182568
RKB,2013,2022,9,2.680426190444888,1.8610066306286497,0.04946000457249917,0.09425800765536914,0.2651970607882431,0.949641059879108
RKB,2013,2023,10,3.416944699975254,1.8609496934116947,0.02721092747968768,0.05298021419310837,0.16619318181818174,0.9726406853615338
RKB,2014,2015,1,2.17748286969791,0.4715782911707893,0.09036792923131036,0.16575676303138906,0.18579723090665476,0.9077293074396644
RKB,2014,2016,2,3.697904841024192,1.097726324905372,0.01982117311905962,0.03887186036437701,0.19607843137254904,0.9800825372523516
RKB,2014,2017,3,1.5331444613840617,0.32129638585710313,0.12903461535797914,0.22857512710904185,0.35625,0.8610427974227045
RKB,2014,2018,4,3.66538127583223,1.0997570387795217,0.01695016955342285,0.03333530011773585,0.33211009174311923,0.9829057512569076
RKB,2014,2019,5,0.7997155112088313,0.8688070413097267,0.1846595912399319,0.3117513125380713,0.4973153682504305,0.7740649682962985
RKB,2014,2021,7,4.2101138211704985,1.5692884023816724,0.01204850021748923,0.02381012414899091,0.18611987381703465,0.9879182111052572
RKB,2014,2022,8,4.779187866122169,1.951955196819512,0.00761628534269594,0.01511743200955828,0.09289617486338791,0.9923777694620852
RKB,2014,2023,9,5.5157063756525355,2.0546859988863475,0.00397611846991986,0.00792074312679778,0.01162790697674415,0.996023695527049
RKB,2015,2016,1,1.520421971326282,0.7861286594037894,0.15354440292272611,0.2662132511478395,0.2580430441535389,0.8377936550192685
RKB,2015,2017,2,-0.6443384083138484,0.49624099490355633,0.3343720030982907,0.5011675939271946,0.6178572615944226,0.2721226142278775
RKB,2015,2018,3,1.48789840613432,1.0030893483432783,0.11232723837619273,0.20196797219525295,0.45188110579921015,0.876209104257527
RKB,2015,2019,4,-1.3777673584890786,0.5544181742076983,0.2100084499029856,0.347118980730793,0.7826790695584367,0.13809714973906057
RKB,2015,2021,6,2.032630951472589,1.3368143528772267,0.09566136308337034,0.1746184839705648,0.24615934262236516,0.9012540821731784
RKB,2015,2022,7,2.601704996424259,1.7122710832813115,0.06430700341097005,0.12084295829093336,0.1246913580246914,0.9350984464238008
RKB,2015,2023,8,3.3382235059546255,1.847014768939783,0.03410101057184635,0.0659529586050571,0.03810775295663599,0.9658528567632862
RKB,2016,2017,1,-2.1647603796401302,1.0719448667306837,0.08678253286572402,0.15970542448246416,0.9109819983248236,0.224429416737109
RKB,2016,2018,2,-0.03252356519196189,0.782356430476039,0.3056613054327343,0.4682091812951893,0.539282250242483,0.5240517336473515
RKB,2016,2019,3,-2.8981893298153607,0.8581865557669605,0.04795300853622629,0.0915174786381056,0.9517189044750256,0.12411971830985916
RKB,2016,2021,5,0.512208980146307,1.0745162272462687,0.3614436830099162,0.5309711852506845,0.29142589411213493,0.5754432561668417
RKB,2016,2022,6,1.081283025097977,1.4385650108125287,0.2588509471220955,0.4112495569294586,0.1880987720955337,0.7246355020430464
RKB,2016,2023,7,1.8178015346283432,1.6534611189382404,0.1504783728912076,0.2615927016742578,0.06371986222732492,0.8479646302405968
RKB,2017,2018,1,2.1322368144481687,0.9780639157042412,0.09266004595278236,0.16960452850087376,0.1999999999999999,0.9051425808426982
RKB,2017,2019,2,-0.7334289501752302,0.8436098837184045,0.2732332833302673,0.4291959484684514,0.6823393361379876,0.3385643708224353
RKB,2017,2021,4,2.6769693597864377,1.5836161548393148,0.05222000140761209,0.09925681195520814,0.22872702518720223,0.9469585860316986
RKB,2017,2022,5,3.2460434047381073,1.9763700423414328,0.0323560904398699,0.06268397259337814,0.1635294117647059,0.9674379351932983
RKB,2017,2023,6,3.982561914268474,2.0869588064183495,0.01749714157942129,0.0343925124983863,0.06015037593984967,0.9824832428570752
RKB,2018,2019,1,-2.8656657646233987,1.0795353114168782,0.04381251724020921,0.08394710068441684,0.955636257170001,0.22093981863149215
RKB,2018,2021,3,0.544732545338269,1.2845579745979163,0.23590245475655047,0.3817493101476505,0.480029344833523,0.6984186394685131
RKB,2018,2022,4,1.113806590289939,1.8331001438203691,0.188814414953222,0.31765162430445726,0.3574017284638974,0.7890305857958024
RKB,2018,2023,5,1.8503250998203056,1.9584157990476163,0.11910405388034535,0.212856085128756,0.21648873072360625,0.8768429530869398
RKB,2019,2021,2,3.4103983099616677,1.6055389150996655,0.02941108142109489,0.05714156754654923,0.10638297872340424,0.9704855791700806
RKB,2019,2022,3,3.9794723549133377,2.0531589492313302,0.01701782560984048,0.03346613044788273,0.08823529411764712,0.9829541017329914
RKB,2019,2023,4,4.715990864443704,2.2216019207282227,0.0087158620327772909,0.01728110434431549,0.02604166666666663,0.9912821063105752
RKB,2021,2022,1,0.5690740449516699,0.7567330366030998,0.3514411371594935,0.5200983268840919,0.28054005982698677,0.5927501812139249
RKB,2021,2023,2,1.3055925544820364,0.8522602135937826,0.21858306757750895,0.35874955658466967,0.1587547299621603,0.7720125225638031
RKB,2022,2023,1,0.7365185095303665,0.3272835623407185,0.3627909418478189,0.5324234711391723,0.1777647975077882,0.6063319745957383
TWN,2007,2008,1,-0.6384741950121624,0.28611001445240963,0.21937787374972875,0.3598193447206259,0.7250804644079087,0.47941527446300713
TWN,2007,2009,2,-3.6343386441669314,0.7622324967362158,0.00195090387392551,0.00389421051746661,0.998001488457269,0.9243027888446216
TWN,2007,2010,3,3.470575286700906,1.2534867379041843,0.02043668044151614,0.04005477426129708,0.3359872611464968,0.9793497784613826
TWN,2007,2011,4,-4.102737689105948,0.751080869668241,0.00145192128905214,0.0028996325398892,0.9985262220850336,0.910828025477707
TWN,2007,2012,5,-0.012276247168829,0.7451429198211881,0.05696360620592577,0.10778726130486596,0.8928703057397961,0.8915470494417862
TWN,2007,2013,6,2.56493655541759,1.1729336543094826,0.04108287067350068,0.07892334381973495,0.4475431606905711,0.957502776005274
TWN,2007,2014,7,-2.297599628281114,1.074857512827821,0.03344866808672264,0.06473213255700044,0.9643811508158908,0.6455828541557762
TWN,2007,2015,8,-5.150912891101567,1.0644626380309608,6.28838961317839e-4,0.00125688754277878,0.9993679149544368,0.890909090909091
TWN,2007,2016,9,0.2731237432777384,0.8384749606895715,0.05426586353534352,0.10294531087892764,0.8808890407092569,0.9093567251461988
TWN,2007,2017,10,-1.5920605663612448,0.3270976897050376,0.11448178868058471,0.20544398274307865,0.8763734832713245,0.392516129032258
TWN,2007,2018,11,-1.4664970499400167,0.618050510718934,0.04845772218006743,0.09243619681546884,0.943117892751932,0.7534714318233553
TWN,2007,2019,12,-1.3331403834657638,0.5341954824694588,0.06014397911455894,0.11346379416273568,0.9283108514868336,0.7280876494023903
TWN,2007,2021,14,-6.667997732208793,0.5733345742962319,3.174326636731475e-4,6.346638643053114e-4,0.9996822647576938,0.75
TWN,2007,2022,15,-5.972814561297261,1.024710723127752,4.236112726097974e-4,8.46863804165785e-4,0.999575489590416,0.8333333333333334
TWN,2007,2023,16,2.5675193458676056,1.918708048983416,0.02374570211784774,0.04638984479978656,0.674495150894527,0.9750254323499492
TWN,2008,2009,1,-2.995864449154769,0.7660924537357173,0.00333171635467613,0.0066413057623275,0.9965133364187924,0.9302575107296138
TWN,2008,2010,2,4.109049481713068,1.1790821556032256,0.01285525149125239,0.02538418292707726,0.2145015105740181,0.9870994615228968
TWN,2008,2011,3,-3.4642634940937853,0.7310803609065567,0.00276638875878656,0.00551751392906331,0.997154904848773,0.9090909090909092
TWN,2008,2012,4,0.6261979478433335,0.6638722042892485,0.09418373963809663,0.17215342583915216,0.7529180557512336,0.8679049034175335
TWN,2008,2013,5,3.2034107504297524,1.0830792007114174,0.03187069932175902,0.06177266074655942,0.2088050314465408,0.967858961530531
TWN,2008,2014,6,-1.6591254332689518,0.9837805074436544,0.07413150510175266,0.13803059448429486,0.917850723008502,0.5683291067906453
TWN,2008,2015,7,-4.512438696089403,0.8939779611316708,0.00138509030571439,0.00276634896829059,0.9986016497805446,0.8725490196078431
TWN,2008,2016,8,0.911597938289901,0.6975785753621279,0.11320173834359865,0.2033804555714016,0.645274435927766,0.8574423480083857
TWN,2008,2017,9,-0.9535863713490824,0.3446829885429655,0.27709590827544306,0.43394690481723663,0.6994144150564735,0.2199805203840267
TWN,2008,2018,10,-0.8280228549278543,0.5577548893685073,0.1850258807780377,0.31227314741270895,0.7756454411548726,0.4864997545409917
TWN,2008,2019,11,-0.6946661884536014,0.4275832606183303,0.20708582810904805,0.34311699017037905,0.7427924578135604,0.4848029212759102
TWN,2008,2021,13,-6.0295235371966305,0.5300466606635069,0.00103781195949762,0.00207347204490936,0.99896076892677,0.5681818181818181
TWN,2008,2022,14,-5.334340366285098,0.979599657605739,0.00102575739030189,0.00204941258050355,0.9989703514585372,0.7865168539325843
TWN,2008,2023,15,3.205993540879768,1.7732567870378508,0.02133475981771051,0.04177819194466343,0.4635678391959799,0.9782645065871678
TWN,2009,2010,1,7.104913930867837,0.5892301936629146,5.643342000025977e-4,0.00112803181307438,0.31249999999999994,0.9994355210023594
TWN,2009,2011,2,-0.4683990449390162,0.3428175339849105,0.00294602464367677,0.00587474215219793,0.9952238238494854,0.9923703703703703
TWN,2009,2012,3,3.6220623969981025,0.35920875383748496,0.00407341900926986,0.00811378716367006,0.8441558441558441,0.9958346758075258
TWN,2009,2013,4,6.1992751995845214,0.5864204616231917,7.280939035193597e-4,0.00145512833696773,0.6410256410256411,0.9992709582199172
TWN,2009,2014,5,1.3367390158858172,0.6913003048428151,0.00767284179054864,0.01522883513842579,0.9634004647560032,0.990385267801436
TWN,2009,2015,6,-1.5165742469346348,0.6851141088435598,0.00263058303277302,0.00524736244293685,0.9968005193359918,0.9854212826264932
TWN,2009,2016,7,3.90746238744467,0.5297224656189188,0.00352950393330682,0.00703418069817186,0.8214285714285714,0.9964122463091812
TWN,2009,2017,8,2.042278077805687,0.5970435019439009,0.00438668168652725,0.00873504550888967,0.9619669611986168,0.9950658661475996
TWN,2009,2018,9,2.167841594226915,0.47069363127424085,0.00543334721781987,0.01080797097660374,0.9473684210526316,0.993977667121563
TWN,2009,2019,10,2.3011982607011676,0.5297630715960681,0.00557020804560526,0.01107870539727176,0.9391438886023724,0.9939059432832408
TWN,2009,2021,12,-3.033659088041861,0.5296586390119558,7.969478900458351e-4,0.0015926265397312,0.9991653528702588,0.9826617881104576
TWN,2009,2022,13,-2.3384759171303293,0.8794449023245398,5.078701325385063e-4,0.00101522466279296,0.9994434159915369,0.9942307692307693
TWN,2009,2023,14,6.201857990034537,1.319436429083381,9.858376031653502e-4,0.00196973336910722,0.5128205128205129,0.9990131383069756
TWN,2010,2011,1,-7.573312975806854,0.7852600556738957,3.083286886224136e-4,6.164673026898102e-4,0.9996916079206272,0.4
TWN,2010,2012,2,-3.482851533869735,0.6245307484792729,0.02498091105643264,0.04874414886553387,0.974879223049886,0.1822580645161291
TWN,2010,2013,3,-0.9056387312833158,0.5992894208942282,0.1946286773423942,0.32583962035026787,0.7712143866837073,0.43409619385632114
TWN,2010,2014,4,-5.76817491498202,0.8475459418035937,0.00252862612694115,0.00504449660796214,0.997469868518572,0.1904761904761905
TWN,2010,2015,5,-8.621488177802473,0.7331563309637154,1.2012071673132508e-4,2.4021257895549816e-4,0.999879872068342,0.3333333333333333
TWN,2010,2016,6,-3.1974515434231674,0.7996767408052153,0.03086980210056815,0.05989078744506011,0.9688308513145006,0.23728813559322032
TWN,2010,2017,7,-5.062635853062151,1.120341407904562,0.00537692784149036,0.01069634222268148,0.994617981086107,0.14960629921259838
TWN,2010,2018,8,-4.937072336640923,0.9527188994606172,0.00642850254123782,0.01277488172285626,0.9935667255755716,0.10344827586206896
TWN,2010,2019,9,-4.803715670166669,0.9803481878557389,0.00694828607858566,0.01380068107696922,0.9930430820184928,0.15151515151515144
TWN,2010,2021,11,-10.138573018909698,1.0259604357316896,0,0,1,0
TWN,2010,2022,12,-9.443389847998167,1.2174468470001931,0,0,1,1
TWN,2010,2023,13,-0.9030559408333004,1.0011418755767425,0.112012741124609,0.20145945632120624,0.8584415814368609,0.6507568359375
TWN,2011,2012,1,4.090461441937118,0.3389557123377607,0.00347908996152947,0.00693405571941286,0.7893175074183977,0.9964749635249804
TWN,2011,2013,2,6.667674244523537,0.47328958740993,0.00100622062151283,0.00201041831865557,0.20833333333333337,0.9989935128658268
TWN,2011,2014,3,1.8051380608248335,0.8447575572603374,0.00659770427455039,0.0131089197730792,0.9535891089108912,0.9923676477104524
TWN,2011,2015,4,-1.0481752019956183,0.7606726981154942,0.00335770637388952,0.00669293982108174,0.9954803350496452,0.9871079213184476
TWN,2011,2016,5,4.375861432383687,0.5324983772398422,0.0042311448386816,0.00842663536264112,0.6607929515418502,0.9957336901452364
TWN,2011,2017,6,2.510677122744703,0.5472772864263464,0.00379536354913271,0.00756202645868655,0.9496623695518724,0.9959119184762982
TWN,2011,2018,7,2.6362406391659308,0.35022300589771604,0.00648087357983416,0.01287828462508801,0.903666427030913,0.9930996216195666
TWN,2011,2019,8,2.769597305640184,0.5082077015439216,0.00458850359643766,0.00913509079590453,0.9225700164744646,0.9951461277716742
TWN,2011,2021,10,-2.5652600431028447,0.37782052133534505,0.00108274023537597,0.00216313835382157,0.99883525903839,0.9848536624804112
TWN,2011,2022,11,-1.8700768721913132,0.6520841051770699,0.00190092108232971,0.00379462887463202,0.997810286992173,0.9857914007716668
TWN,2011,2023,12,6.670257034973553,1.2799193387890229,6.336346376168669e-4,0.00126646679800312,0.5,0.999365963614968
TWN,2012,2013,1,2.577212802586419,0.49673293710332506,0.04919660980358977,0.0937795820991061,0.3360215053763441,0.9495472649329396
TWN,2012,2014,2,-2.2853233811122853,0.7729349979099143,0.03475148058590499,0.06716874773878602,0.9629987131224336,0.6363193768257059
TWN,2012,2015,3,-5.138636643932737,0.706357853399642,0.00173267195475046,0.00345934999079021,0.9982601792823698,0.7033898305084746
TWN,2012,2016,4,0.2853999904465674,0.5674774660186672,0.14533973437648584,0.2537932283570126,0.7042935779816514,0.7777134858149365
TWN,2012,2017,5,-1.579784319192416,0.6064607540528226,0.05484428793774507,0.10398556178365898,0.937295690936107,0.6956390022260951
TWN,2012,2018,6,-1.4542208027711878,0.5144180292055645,0.08612784904061965,0.15859615259234294,0.9021792966815254,0.5812152571148046
TWN,2012,2019,7,-1.3208641362969349,0.5483506601182012,0.08537432903821587,0.15731775988081226,0.9003467062902427,0.62663322959629
TWN,2012,2021,9,-6.6557214850399635,0.5626600943646202,5.657137805204651e-4,0.00113078785876638,0.9994338786124444,0.56
TWN,2012,2022,10,-5.960538314128432,0.897434625649103,6.929122184620401e-4,0.00138486484715057,0.9993057821231188,0.7307692307692308
TWN,2012,2023,11,2.5797955930364345,1.2786477751005152,0.03549620809057907,0.0685588374215931,0.5134228187919463,0.963122561478842
TWN,2013,2014,1,-4.862536183698704,0.885161259039033,0.00572271538486656,0.01138030452593807,0.9942658580112,0.2582781456953643
TWN,2013,2015,2,-7.715849446519156,0.7383331688577627,2.228036972430269e-4,4.455081336267298e-4,0.9997771466502068,0.5
TWN,2013,2016,3,-2.2918128121398516,0.6668450724927041,0.07451913715756522,0.13870229869463535,0.9236386248809348,0.24456796361798896
TWN,2013,2017,4,-4.156997121778835,0.959060275796704,0.01425352879942867,0.02810644162372412,0.9857267830997828,0.08823529411764705
TWN,2013,2018,5,-4.0314336053576065,0.7064427277480891,0.01608575483485711,0.0316621992943332,0.9838879162733378,0.09221902017291064
TWN,2013,2019,6,-3.898076938883354,0.8308385294015536,0.0186676671934481,0.03665114304624937,0.9813027698454346,0.0780856423173804
TWN,2013,2021,8,-9.232934287626383,0.7680223606383222,5.105188597084964e-5,1.0209855961767589e-4,0.9999489457293104,0.4777908350543515
TWN,2013,2022,9,-8.537751116714851,0.8550533401806953,1.3061172949089197e-4,2.611893445897625e-4,0.99986937974024,0.33333333333333337
TWN,2013,2023,10,0.0025827904500155,0.8700307885777735,0.19914796719049857,0.33214911360286126,0.6674213962150248,0.6682792687274023
TWN,2014,2015,1,-2.853313262820452,0.6289024987345991,0.00376683093917781,0.0075053903418055,0.9960309507522536,0.9311562224183584
TWN,2014,2016,2,2.5707233715588527,0.6556534548511895,0.03205952767707972,0.06212728397409031,0.5627705627705627,0.96656060440494
TWN,2014,2017,3,0.7055390619198693,0.8283154323658999,0.09742574090910092,0.17755322711565708,0.7314562518922192,0.867381740222873
TWN,2014,2018,4,0.8311025783410974,0.7429034435109881,0.10141590630783874,0.18415551423767731,0.6965256440557788,0.8678160472131834
TWN,2014,2019,5,0.9644592448153504,0.6674119150649616,0.09633684660879673,0.17574315212844868,0.6816088840736728,0.8786327216424702
TWN,2014,2021,7,-4.370398103927679,0.8479754966693831,0.00141195743154657,0.00281993323740213,0.9985722026543083,0.8870967741935484
TWN,2014,2022,8,-3.675214933016147,1.2996912769345412,0.0015410117392525,0.00307728135181687,0.9984223640799104,0.9377510040160644
TWN,2014,2023,9,4.86511897414872,1.4289672375013736,0.00355986963478729,0.00709448383200653,0.5364238410596027,0.9964254056182168
TWN,2015,2016,1,5.424036634379305,0.2928010975973447,0.00222771381164016,0.0044455242674697,0.4936708860759493,0.9977674370147472
TWN,2015,2017,2,3.5588523247403216,0.8566875182417131,0.0031613009219572,0.00630267718471956,0.8861646234676006,0.9967589381276756
TWN,2015,2018,3,3.6844158411615497,0.6356153817594387,0.00373619578098538,0.00744457716417873,0.8480492813141683,0.9961842379035608
TWN,2015,2019,4,3.8177725076358024,0.5990128707998674,0.00370734073508194,0.00738729425325675,0.8282352941176471,0.9962251787009884
TWN,2015,2021,6,-1.5170848411072262,0.7129997723487643,0.00202656179683545,0.00404492630055918,0.997533908754624,0.9887572975559282
TWN,2015,2022,7,-0.8219016701956947,0.9458084376061706,0.00223192928415256,0.00445391773887452,0.996794081381011,0.99270710679727
TWN,2015,2023,8,7.718432236969172,1.067297570119358,2.2222911220026395e-4,4.4435947478894776e-4,0.5,0.999777721491044
TWN,2016,2017,1,-1.8651843096389833,0.6081509113509677,0.07591437266748233,0.14111601182400807,0.9185148405605208,0.4738400675880481
TWN,2016,2018,2,-1.7396207932177552,0.35232018175582847,0.09922051038601318,0.18052885558179751,0.8938863146752283,0.39566310496543056
TWN,2016,2019,3,-1.6062641267435025,0.35786834057847117,0.12875853502936818,0.22814185857034183,0.8630423624968394,0.31738173817381743
TWN,2016,2021,5,-6.941121475486531,0.4228083629492946,4.549126272063869e-4,9.094115516146168e-4,0.9995448544398984,0.5294117647058824
TWN,2016,2022,6,-6.245938304575,0.7171356937635143,6.637183614058747e-4,0.00132655626306251,0.9993354362291716,0.6571428571428571
TWN,2016,2023,7,2.294395602589867,1.184627787082082,0.06417397212818493,0.12060804682122948,0.34157416750756814,0.9336159855502848
TWN,2017,2018,1,0.12556351642122804,0.338810242242461,0.2527539198584389,0.4035172683985696,0.5694900127343503,0.6202903026559604
TWN,2017,2019,2,0.2589201828954811,0.2665665630060024,0.2877323140051559,0.4468821833168719,0.4870841825577684,0.6040881639395035
TWN,2017,2021,4,-5.075937165847548,0.3222778812661148,0.00164119720567181,0.00327701618154353,0.998351259047904,0.736
TWN,2017,2022,5,-4.380753994936017,0.87422935317316,0.0017266503648342,0.00344734836435738,0.9982547524528854,0.8605577689243028
TWN,2017,2023,6,4.159579912228851,1.7103702047979887,0.0109199962485983,0.02160407606758415,0.29738562091503273,0.9890292976930234
TWN,2018,2019,1,0.13335666647425293,0.2144864992186765,0.33212790374220746,0.49864266458077383,0.4657897841217412,0.5324843810382611
TWN,2018,2021,3,-5.201500682268776,0.11014175506544165,0.00302979586079694,0.00604128785266401,0.9969627174848362,0.44859813084112155
TWN,2018,2022,4,-4.506317511357245,0.6329139672757513,0.00250629774389064,0.00500006383906213,0.9974723701367438,0.7710280373831775
TWN,2018,2023,5,4.0340163958076225,1.406161811789576,0.01152819850063031,0.02279362753844796,0.3448275862068966,0.9884014274749524
TWN,2019,2021,2,-5.334857348743029,0.26274203259114204,0.00211949688443651,0.00423002823720319,0.9978747902491444,0.5591397849462366
TWN,2019,2022,3,-4.639674177831497,0.8019664503621868,0.00164005967123402,0.0032747485594223,0.9983468073014404,0.8288770053475936
TWN,2019,2023,4,3.90065972933337,1.504426274273913,0.01454216328295838,0.02866743997292607,0.27707808564231734,0.9853763294748707
TWN,2021,2022,1,0.6951831709115316,0.5759443445259625,0.00572947429060937,0.01139366884847569,0.982886275696566,0.9914605418138988
TWN,2021,2023,2,9.235517078076398,1.463686834891028,5.086232721859243e-5,1.0171948074767056e-4,0.4783843764142589,0.9999491353001017
TWN,2022,2023,1,8.540333907164866,1.3096710459472432,5.085734794502093e-5,1.0170952321343048e-4,0.739722650204562,0.9999491353001017
WHP,2007,2008,1,4.209585797728036,0.32482672379527766,0.00372413750116291,0.00742063952040528,0.7464788732394366,0.9962345726450208
WHP,2007,2009,2,9.24246862621792,0.622100162320028,5.102848513387137e-5,1.0205176272088586e-4,0.47303024160684726,0.9999489691773832
WHP,2007,2010,3,10.113889640569957,1.199368508756744,0,0,0,1
WHP,2007,2011,4,8.127271762474239,1.5548145191698732,1.7720283369024737e-4,3.543428768186245e-4,0.4,0.9998227762299402
WHP,2007,2012,5,6.910176810350176,0.609520523620089,3.672985718180788e-4,7.343274262212597e-4,0.631578947368421,0.9996324700111991
WHP,2007,2013,6,5.87930739411773,0.5630105588560558,0.00111681460036854,0.00223113743387551,0.6,0.9988813113479016
WHP,2007,2014,7,6.440313538447387,0.4132307925726358,6.909345193568967e-4,0.00138091491692939,0.5666666666666668,0.9993084406361796
WHP,2007,2015,8,2.090386058584879,1.2876396872897624,0.00266885185951229,0.00532349609656815,0.9758099352051836,0.9970091550345738
WHP,2007,2016,9,-0.4504855443822845,1.3932481454434806,0.00186387779429708,0.00372082043401065,0.9969539156922472,0.995220468750877
WHP,2007,2017,10,0.8529945547870873,0.7415369892999019,0.00214216485871866,0.00427517159508135,0.9928462195192944,0.9969515099552252
WHP,2007,2018,11,5.6264772661774325,0.9682128914434588,6.967256673244944e-4,0.00139248115728544,0.8059701492537313,0.999301252092482
WHP,2007,2019,12,2.3088944419162813,1.1000379920379093,6.402898842657616e-4,0.00127976035092454,0.9929208181673036,0.9992965342587816
WHP,2007,2021,14,7.829123235921431,1.619372315774276,2.2737507990347472e-4,4.546467844580054e-4,0.4285714285714286,0.9997725861389128
WHP,2007,2022,15,5.840669605703234,1.4817282444580056,2.684488927747999e-4,5.367536946145878e-4,0.9074074074074074,0.999730843009243
WHP,2007,2023,16,8.714026784964807,1.1798356155263137,1.095043102217137e-4,2.189846406814004e-4,0.33333333333333337,0.999890489693853
WHP,2008,2009,1,5.032882828489883,0.5594530767174846,0.00595190294559455,0.01183337479290289,0.08661417322834636,0.9940447358760012
WHP,2008,2010,2,5.904303842841919,1.0129792729569267,0.00248781457739949,0.00496328143090344,0.08771929824561403,0.9975115901627672
WHP,2008,2011,3,3.9176859647462026,1.366594565769624,0.0114179533491358,0.02257811088151485,0.42105263157894735,0.9884864384261862
WHP,2008,2012,4,2.70059101262214,0.5057885884710026,0.03400140335973704,0.06576664838027826,0.4775323686214775,0.9649080408640156
WHP,2008,2013,5,1.6697215963896943,0.4094859469712277,0.08010844331802858,0.14833407481185912,0.5319548872180451,0.911867347898911
WHP,2008,2014,6,2.23072774071935,0.2803831187494094,0.05024038165658219,0.0956740619273013,0.5069611137782045,0.9470228702151297
WHP,2008,2015,7,-2.1191997391431574,1.119809067983336,0.02986896829692598,0.05800537586120244,0.9675132851908624,0.7295652173913043
WHP,2008,2016,8,-4.660071342110321,1.2988725171514337,0.00171255136774374,0.00341924709919112,0.9982741935179168,0.8176795580110497
WHP,2008,2017,9,-3.356591242940949,0.555661131204688,0.00293729699409436,0.00585738909680144,0.9969692291270698,0.9130434782608696
WHP,2008,2018,10,1.4168914684493965,0.9943058569903884,0.0402528523611998,0.07739051571900536,0.8017146625632008,0.951922436017339
WHP,2008,2019,11,-1.9006913558117549,1.023944004982419,0.0054359584842729,0.01081313720362217,0.9937853372714226,0.9584206848357792
WHP,2008,2021,13,3.6195374381933942,1.6266954706818944,0.01016207111797008,0.02011968457046398,0.6145038167938931,0.9896706035566504
WHP,2008,2022,14,1.631083807975198,1.4821985159711224,0.02826663626201853,0.05497919560003257,0.8320547945205479,0.9671302112649848
WHP,2008,2023,15,4.50444098723677,1.072915225523807,0.00696535694422314,0.01383435268391058,0.3676470588235295,0.9930063212716512
WHP,2009,2010,1,0.8714210143520353,0.7622541476946856,0.2370174904284897,0.38320798575999016,0.35040400591783316,0.7282372052387656
WHP,2009,2011,2,-1.1151968637436809,1.137558072247736,0.09873192813102008,0.1797197762314351,0.8806794819117545,0.636052303860523
WHP,2009,2012,3,-2.3322918158677433,0.4082817839439153,0.07928100585691551,0.14691448367326515,0.91941204196933,0.16982124079915883
WHP,2009,2013,4,-3.3631612321001887,0.5152423710401283,0.032095576159014,0.06219496895521827,0.9678257456519735,0.07079646017699122
WHP,2009,2014,5,-2.802155087770533,0.5712051347096881,0.05214168635300091,0.09911533214454732,0.9474352167399394,0.13372582001682087
WHP,2009,2015,6,-7.152082567633041,1.1017248202087422,5.220178795014577e-4,0.00104349103802396,0.9994778458335932,0.33333333333333337
WHP,2009,2016,7,-9.692954170600204,1.3221516725237312,5.10302773078155e-5,1.0205534670298804e-4,0.9999489691773832,0.1731455294351405
WHP,2009,2017,8,-8.389474071430833,0.35477354053830373,1.1361047244420015e-4,2.27195133141987e-4,0.9998863766187498,0.5
WHP,2009,2018,9,-3.6159913600404865,0.5603206778732424,0.01902395413572041,0.03733759949118268,0.9808291914859616,0.28707224334600756
WHP,2009,2019,10,-6.933574184301638,0.5864822765017207,5.126641658164956e-4,0.00102480295188253,0.999487099182901,0.4736842105263158
WHP,2009,2021,12,-1.4133453902964883,1.1979634324203008,0.10529917234924316,0.19053515099524856,0.8815511660622434,0.5132130872483222
WHP,2009,2022,13,-3.401799020514685,1.011903429027157,0.01909822938262184,0.03748064481319276,0.9806353758970184,0.4187116564417178
WHP,2009,2023,14,-0.5284418412531131,0.6812311479367231,0.23481130697269983,0.38031933405010726,0.6977368689536281,0.4872749307479224
WHP,2010,2011,1,-1.986617878095716,0.46724187888194335,0.09223146996885688,0.1688863075360513,0.9039747474996128,0.29989586948976055
WHP,2010,2012,2,-3.2037128302197786,0.999382513418602,0.02953355594943335,0.05737269228140424,0.9701486685986688,0.26494724501758504
WHP,2010,2013,3,-4.234582246452224,1.04945406895215,0.01284492089333428,0.02536404266510019,0.98713426867615806,0.1118421052631579
WHP,2010,2014,4,-3.673576102122568,1.1451546771691945,0.02372776351330832,0.04635561202692705,0.9762338131847832,0.06378986866791755
WHP,2010,2015,5,-8.023503581985075,1.2479176560889,3.2766999069807327e-4,6.551253164897863e-4,0.999672330009302,0
WHP,2010,2016,6,-10.564375184952238,1.5753879331784466,0,0,1,0
WHP,2010,2017,7,-9.260895085782868,0.7257333987539458,0,0,1,1
WHP,2010,2018,8,-4.487412374392521,1.1554932890232414,0.00626117437922376,0.01244443199964733,0.9937077858358384,0.440677966101695
WHP,2010,2019,9,-7.804995198653673,0.9011572632287956,2.0380514235637736e-4,4.075272285679224e-4,0.9997961533126404,0.5
WHP,2010,2021,11,-2.284766404648523,1.630645873845108,0.03715587589977962,0.07164955001107276,0.9605283403222912,0.6122544434050514
WHP,2010,2022,12,-4.27322003486672,1.4442300273664967,0.00734991675588312,0.01459257926888631,0.9926020231900592,0.46917808219178087
WHP,2010,2023,13,-1.3998628556051484,1.0400949090401796,0.12276986387771396,0.21869105651571957,0.8636864982003523,0.4472972972972973
WHP,2011,2012,1,-1.2170949521240626,1.351913428666001,0.1061707225144482,0.1919608254919465,0.8756008359456635,0.5798589817816688
WHP,2011,2013,2,-2.247964368356508,1.4379702448398366,0.05695238447041917,0.10776717155324814,0.9404255533523264,0.43592281048985654
WHP,2011,2014,3,-1.6869582240268517,1.5246062366648556,0.07035852226989409,0.1314672061856167,0.9221003134796238,0.5791063652266699
WHP,2011,2015,4,-6.03688570388936,1.4558335652526784,0.00143202397780454,0.00285995243514658,0.9985666075873256,0.4
WHP,2011,2016,5,-8.577757306856522,1.859413762105259,1.2548991491170586e-4,2.509483383377865e-4,0.9998745022107348,0.33333333333333337
WHP,2011,2017,6,-7.274277207687152,1.1162469999267706,3.197918456969554e-4,6.393792231320451e-4,0.9996800887984773,0.5384615384615385
WHP,2011,2018,7,-2.500794496296806,1.5111397705561258,0.02918724415481499,0.0567190165260628,0.969314450305848,0.6258763543658381
WHP,2011,2019,8,-5.818377320557957,1.290427766487441,0.00121868256264353,0.00243439836644734,0.9987791827840714,0.5892857142857143
WHP,2011,2021,10,-0.2981485265528077,1.9595180602769489,0.07926454519830274,0.146886220900991,0.8720480668756531,0.8276024412959156
WHP,2011,2022,11,-2.2866021567710044,1.746438157837894,0.03344159918807556,0.06471889502870601,0.9643524723068696,0.6491769547325104
WHP,2011,2023,12,0.5867550224905674,1.3322567041186577,0.14385167802442003,0.2515215578874186,0.6481032308140099,0.8043000065881134
WHP,2012,2013,1,-1.0308694162324452,0.2526778238624349,0.20754426591911387,0.3437460170640502,0.7668204551629493,0.3462806363766661
WHP,2012,2014,2,-0.4698632719027891,0.4289311427149368,0.24349729078337765,0.3916330056979527,0.6817810039873223,0.49092106436118094
WHP,2012,2015,3,-4.819790751765297,1.267745681563755,0.00224817304483326,0.00448626020041185,0.9977387712600382,0.7197452229299363
WHP,2012,2016,4,-7.360662354732461,1.4910799598865518,1.5886854874842945e-4,3.176866270834574e-4,0.9998410556974996,0.75
WHP,2012,2017,5,-6.057182255563089,0.5384554311677855,9.350817543741712e-4,0.00186841638667558,0.9990636048365776,0.5999999999999999
WHP,2012,2018,6,-1.2836995441727432,0.6072689109927284,0.10635273045818172,0.192258269049758,0.8772420772493064,0.5568475452196383
WHP,2012,2019,7,-4.601282368433894,0.7123220493408531,0.00289885340349781,0.0057809486842269,0.9970805083193636,0.7091836734693877
WHP,2012,2021,9,0.918946425571255,1.2486049354678894,0.17571107679022352,0.2989017969787739,0.4759282970550576,0.7909272898182651
WHP,2012,2022,10,-1.0695072046469416,1.0977096346128716,0.1036700347901822,0.18786418317480336,0.8738325194027524,0.6323551318337554
WHP,2012,2023,11,1.80384997461463,0.8448847132958439,0.1189627988307148,0.21263048057545372,0.24803407601572733,0.8761784972659541
WHP,2013,2014,1,0.5610061443296561,0.2778711593436632,0.21926640248352292,0.35966939142569554,0.5050167224080268,0.7175453984976453
WHP,2013,2015,2,-3.788921335532852,1.2300206780949925,0.00672535707155549,0.01336085760493559,0.993168459977692,0.6979865771812082
WHP,2013,2016,3,-6.329792938500015,1.3979905043178549,4.577260863525641e-4,9.150333380764084e-4,0.9995416678519708,0.7428571428571429
WHP,2013,2017,4,-5.026312839330643,0.5190993501089491,0.00217812493475265,0.00434678203516857,0.997812345093848,0.6666666666666667
WHP,2013,2018,5,-0.2528301279402981,0.7428548377158517,0.1160299916366201,0.2079334650612141,0.8152927244837586,0.7621589947262192
WHP,2013,2019,6,-3.5704129522014494,0.7700287152460521,0.00326000267885994,0.00649881918975187,0.9966591382771796,0.8812949640287769
WHP,2013,2021,8,1.9498158418037004,1.3264593942621006,0.07750036131146043,0.14385213053132018,0.42262118491921,0.917838835871999
WHP,2013,2022,9,-0.03863778841449637,1.212999727613859,0.09737534667571585,0.1774695357804336,0.8258935891668672,0.8190348525469169
WHP,2013,2023,10,2.8347193908470754,0.9209084810553334,0.04653178929615294,0.08892570636090852,0.19852941176470584,0.9529256209111566
WHP,2014,2015,1,-4.349927479862508,1.097945666550738,0.00522642430455469,0.01039850162747261,0.9947336385637569,0.5920000000000001
WHP,2014,2016,2,-6.8907990828296715,1.2271523355005989,2.139546774572126e-4,4.2781782129046054e-4,0.9997858735224374,0.7894736842105264
WHP,2014,2017,3,-5.5873189836603,0.5397200067125001,0.00124524265548017,0.00248738790943479,0.9987516483430552,0.6666666666666667
WHP,2014,2018,4,-0.8138362722699541,0.8791012198642759,0.0718335621076632,0.13403865049049038,0.9032807431769792,0.7817483412873938
WHP,2014,2019,5,-4.131419096531105,0.942005498515084,0.00193504412742569,0.00386261392645649,0.998037676108175,0.8778135048231511
WHP,2014,2021,7,1.3888096974740445,1.454120669235481,0.11430547463969148,0.20516003419376888,0.4860665224112085,0.8718394033815191
WHP,2014,2022,8,-0.5996439327441526,1.3350813333920786,0.06697048422619123,0.1255339022330329,0.9027735480328842,0.8229049229612928
WHP,2014,2023,9,2.2737132465174192,0.9602561150597076,0.07785513876984383,0.14446308408140987,0.22600943890928163,0.9203337182210856
WHP,2015,2016,1,-2.540871602967163,0.5304735912994661,0.00532687524739669,0.01059729999973556,0.9942838286224034,0.9274576271186442
WHP,2015,2017,2,-1.2373915037977914,0.8418750290444812,0.00578697946505313,0.01150736603914091,0.99257694303844,0.9744156083195288
WHP,2015,2018,3,3.536091207592554,1.4535683746559187,0.00526301469530885,0.01047092078067559,0.815018315018315,0.9946120465847816
WHP,2015,2019,4,0.21850838333140268,1.352273586217862,0.00386295367094871,0.0076961773652919,0.9913640445435192,0.9930591380199784
WHP,2015,2021,6,5.738737177336552,1.756029211642909,0.00122378263048233,0.00244457363421218,0.619047619047619,0.9987737788487804
WHP,2015,2022,7,3.750283547118355,1.5978811457217124,0.00447780484854046,0.00891568699064615,0.8059360730593608,0.9954373477967088
WHP,2015,2023,8,6.623640726379928,0.889258262505002,0.00105150550460993,0.0021008020043482,0.20833333333333331,0.9989482034506896
WHP,2016,2017,1,1.3034800991693718,1.0738369665374108,0.00138791695266264,0.00277198661810546,0.9935106567646056,0.9982375916928647
WHP,2016,2018,2,6.076962810559717,1.5938270283823224,2.659140484637492e-4,5.316867139608747e-4,0.883905177746823,0.9997335464961364
WHP,2016,2019,3,2.759379986298566,1.505021849972065,1.7644925301676543e-4,3.5283624834107387e-4,0.9970379308980184,0.999812409135675
WHP,2016,2021,5,8.279608780303715,1.8014946140408823,6.339704219793315e-5,1.26786046535524e-4,0.75,0.9999365908979536
WHP,2016,2022,6,6.291155150085519,1.704912281307099,4.3529358833216224e-4,8.702083805357643e-4,0.7647058823529411,0.9995640897275913
WHP,2016,2023,7,9.16451232934709,1.115321003685771,1.0468943742738452e-4,2.0935695739267803e-4,0,0.9998953105625724
WHP,2017,2018,1,4.773482711390345,0.7646180611098751,0.00196628192279843,0.00392484649089206,0.7658227848101266,0.998020992518201
WHP,2017,2019,2,1.4558998871291942,0.6339724522651888,0.00278388798613262,0.00555231893827779,0.9853187227441108,0.9965764667260704
WHP,2017,2021,4,6.976128681134344,1.2687650589930035,2.59245053519318e-4,5.183557258807381e-4,0.7222222222222222,0.9997405800878252
WHP,2017,2022,5,4.987675050916147,1.1084816062089171,0.00149599896593724,0.00298752859218986,0.7795275590551181,0.9984960459822096
WHP,2017,2023,6,7.8610322301777185,0.5919407758192698,3.854757662206513e-4,7.706544638213697e-4,0,0.9996145242337794
WHP,2018,2019,1,-3.317582824261151,0.4401108677894413,0.00542954738614559,0.01080045319985075,0.9944040674319248,0.8455882352941176
WHP,2018,2021,3,2.2026459697439984,0.7176323922695174,0.06158782844278091,0.11602964313018305,0.41701340730466946,0.9355739393810768
WHP,2018,2022,4,0.2141923395258017,0.5599060599176804,0.15050446374084753,0.2616321248358908,0.7071210309552278,0.7635901126734308
WHP,2018,2023,5,3.0875495187873736,0.7121369876853556,0.02796767905726845,0.05441353775425534,0.3763313609467456,0.9715522326454424
WHP,2019,2021,2,5.52022879400515,0.7773383656893178,0.00169048817389886,0.00337527049294569,0.5769230769230769,0.9983056058899124
WHP,2019,2022,3,3.531775163786953,0.6577892580595435,0.00408428168931709,0.00813533637324849,0.8568807339449541,0.9958133405559568
WHP,2019,2023,4,6.405132343048525,0.6422129489630957,8.809478489404959e-4,0.00176034492580521,0.4666666666666666,0.9991183725667424
WHP,2021,2022,1,-1.9884536302181963,0.2768398694471634,0.07960479403968734,0.14747024926004726,0.9161700228269594,0.3876865671641791
WHP,2021,2023,2,0.8849035490433751,0.9221694243945836,0.19528857963754845,0.3267639011438836,0.4407843137254902,0.7691814987628814
WHP,2022,2023,1,2.8733571792615717,0.7323011242032885,0.04100179289187833,0.07877372195099937,0.26361031518624645,0.9583874309434904
